claim,label
Drinking hot water or taking hot baths does not prevent COVID-19 infection.,0
Alcohol consumption does not protect against COVID-19 and excessive use increases health risks.,0
Ultraviolet disinfection lamps should not be used to sterilize hands or skin areas.,0
Spraying alcohol or chlorine all over the body does not kill viruses that have already entered the body.,0
Regular rinsing of the nose with saline does not prevent COVID-19 infection.,0
Eating garlic does not prevent COVID-19 infection despite its antimicrobial properties.,0
Antibiotics do not work against viruses like COVID-19 and should only be used for bacterial infections.,0
Regular exercise reduces the risk of cardiovascular diseases and improves mental health.,0
Tobacco smoking increases the risk of developing lung cancer and other respiratory diseases.,0
Excessive salt consumption leads to increased blood pressure and cardiovascular disease risk.,0
Breastfeeding provides optimal nutrition for infants and reduces infant mortality rates.,0
Milk and fish can be consumed together and do not cause vitiligo or skin problems.,0
Freezing food does not destroy its nutritional value when done properly.,0
Honey does not lose its nutritional properties when heated or added to warm water.,0
Banana and milk combination is safe to consume and does not cause toxins in the body.,0
Egg consumption does not significantly increase cholesterol levels in healthy individuals.,0
Drinking water immediately after meals does not impair digestion or cause health problems.,0
Microwaving food does not make it radioactive or cause cancer.,0
Ghee consumption in moderation does not lead to heart disease in healthy individuals.,0
Tea and milk combination does not reduce the antioxidant benefits of tea significantly.,0
Curd or yogurt can be consumed at night without causing cold or respiratory problems.,0
"A balanced diet should include cereals, pulses, vegetables, fruits, milk, and oils in appropriate proportions.",0
Excessive consumption of salt increases the risk of hypertension and cardiovascular diseases.,0
Daily consumption of fruits and vegetables reduces the risk of chronic diseases like diabetes and cancer.,0
Trans fats found in partially hydrogenated oils increase bad cholesterol and should be avoided.,0
"Adequate protein intake is essential for growth, repair, and maintenance of body tissues.",0
Calcium intake is crucial for bone health and preventing osteoporosis in later life.,0
"Excessive sugar consumption leads to obesity, diabetes, and dental cavities.",0
Adequate water intake is necessary for proper bodily functions and preventing dehydration.,0
Processed and packaged foods high in sodium should be limited in daily diet.,0
Obesity in children increases the risk of developing type 2 diabetes and cardiovascular problems in adulthood.,0
Maintaining a healthy weight reduces the risk of developing multiple types of cancer.,0
"Excessive alcohol consumption increases the risk of liver, breast, and colorectal cancers.",0
HPV vaccination significantly reduces the risk of cervical and other HPV-related cancers.,0
Smoking cessation reduces cancer risk even after years of tobacco use.,0
Occupational exposure to asbestos increases the risk of lung cancer and mesothelioma.,0
Hand washing with soap and water for at least 20 seconds reduces the spread of infectious diseases.,0
Lead exposure in children causes developmental delays and learning disabilities.,0
Smoking during pregnancy increases the risk of premature birth and low birth weight.,0
Proper use of car seats and seat belts significantly reduces injury and death in vehicle accidents.,0
Osteoporosis risk increases in postmenopausal women due to decreased estrogen levels.,0
"Chronic sleep deprivation increases the risk of obesity, diabetes, and cardiovascular disease.",0
High blood pressure often has no symptoms but significantly increases stroke and heart attack risk.,0
Seasonal affective disorder is a type of depression linked to changes in seasons and reduced sunlight exposure.,0
Celiac disease requires strict lifelong avoidance of gluten to prevent intestinal damage.,0
Asthma symptoms can be controlled with proper medication and trigger avoidance.,0
Excessive screen time in children is associated with delayed development and behavioral problems.,0
Prenatal alcohol exposure causes fetal alcohol spectrum disorders with lifelong consequences.,0
Alzheimer's disease risk increases with age and family history but can be modified by lifestyle factors.,0
"Vitamin B12 deficiency causes neurological problems and anemia, especially in vegetarians and elderly.",0
Hearing loss in older adults increases the risk of cognitive decline and social isolation.,0
HPV causes most cervical cancers but can be prevented through vaccination and screening.,0
Glaucoma causes irreversible vision loss if left untreated but can be managed with early detection.,0
Eating late at night does not inherently cause weight gain if total daily calorie intake is maintained.,0
Cracking knuckles does not cause arthritis according to long-term medical studies.,0
Shaving hair does not make it grow back thicker or darker despite common belief.,0
Reading in dim light does not permanently damage eyesight but may cause temporary eye strain.,0
MSG consumption does not cause adverse health effects in the general population at typical dietary levels.,0
Eating eggs does not significantly raise cholesterol levels in most healthy individuals.,0
Coffee consumption in moderation is associated with reduced risk of several chronic diseases.,0
"Spicy food does not cause stomach ulcers, which are primarily caused by H. pylori bacteria or NSAIDs.",0
Swimming immediately after eating does not cause cramps or drowning risk in healthy individuals.,0
Sugar does not directly cause hyperactivity in children according to controlled studies.,0
Sitting too close to television screens does not cause permanent eye damage.,0
Chocolate consumption in moderation does not cause acne in most individuals.,0
Ayurvedic medicines should not replace modern medical treatment for serious conditions like diabetes or cancer.,0
Desi ghee in moderation is part of traditional Indian diet but excessive consumption increases cardiovascular risk.,0
Cow urine has no proven medicinal benefits and can contain harmful bacteria if consumed.,0
Street food hygiene is crucial as contaminated food causes major outbreaks of hepatitis and typhoid in India.,0
Arsenic contamination in groundwater of West Bengal and Bangladesh causes serious health problems.,0
Air pollution in major Indian cities increases respiratory diseases and reduces life expectancy.,0
Iodized salt consumption prevents goiter and cretinism which were widespread in India.,0
Tobacco consumption through gutka and paan masala causes oral cancer prevalent in Indian males.,0
"Diet plays a critical role in shaping the health and well-being of both individuals and populations, and unhealthy diets are a major risk factor for disease and disability.",0
"Healthy diets help to protect against malnutrition in all its forms, as well as noncommunicable diseases (NCDs), including diabetes, heart disease, stroke and cancer.",0
Healthy dietary practices start early in life – breastfeeding fosters healthy growth and improves cognitive development.,0
Dietary behaviours and preferences established in childhood and adolescence often extend into adulthood.,0
"Healthy diets come in many forms, but the four core principles of adequacy, balance, moderation and diversity should be the foundation of any healthy diet.",0
"A diet must also be safe to be healthy, i.e.",0
free from microbial and chemical contaminants.,0
"A variety of minimally processed and unprocessed foods low in unhealthy fats, free sugars and sodium are the foundation of any healthy diet.",0
Consuming a healthy diet throughout the life-course helps to prevent malnutrition in all its forms as well as a range of noncommunicable diseases (NCDs) and conditions.,0
"However, change in food production and food systems, rapid urbanization and changing lifestyles have led to a shift in dietary patterns.",0
"People are now consuming more highly processed foods high in unhealthy fats, free sugars and salt/sodium, and many people do not eat enough fruit and vegetables or consume sufficient dietary fibre.",0
"The exact make-up of a diversified, balanced and healthy diet will vary depending on individual characteristics (e.g.",0
"age, gender, lifestyle and degree of physical activity), cultural context, locally-available foods and dietary customs.",0
"adequacy: meets, without exceeding, micronutrient and macronutrient needs such that deficiencies are prevented;.",0
"balance: total energy intake is balanced with energy expenditure, with an adequate balance across the three primary sources of energy, protein, fats and carbohydrates;.",0
"moderation: limited intake of nutrients, ingredients, and foods that may be detrimental to health;.",0
diversity: inclusion of a wide variety of nutritious foods within and across food groups.,0
Diets embracing these four core principles promote health throughout the life course.,0
Carbohydrates provide the primary energy source for the body.,0
"The amount of carbohydrate in the diet can vary and although low and very low carbohydrate diets are used to treat certain conditions, for most people a variety of unrefined carbohydrates should represent a significant portion of the diet, approximately 45–75% of total daily energy.",0
"Carbohydrates in the diet should come primarily from whole grains, vegetables, fruits and pulses.",0
"Examples of whole grains include unprocessed maize, millet, oats, wheat and brown rice.",0
"Examples of pulses include lentils, chickpeas, beans, and dried peas.",0
"Fresh fruit and vegetables are great choices but frozen and canned are also good, provided they don’t have added sugars or excess sodium.",0
"While fruit juice can be consumed, most varieties including those without added sugars contain significant amounts of free sugars, the consumption of which should be limited.",0
"Everyone older than 10 years of age should aim for at least 400 grams of fruits and vegetables per day, with lesser amounts for children under 10: at least 250 or 350 grams for children 2–5 or 6–9 years of age, respectively.",0
"Everyone older than 10 years of age should also aim for a daily intake of at least 25 grams of naturally-occurring dietary fibre as found in foods, with lesser amounts for children under 10: at least 15 or 21 grams for children 2–5 or 6–9 years of age, respectively.",0
"The consumption of free sugars should be limited to less than 10% of total daily energy intake, which is equivalent to 50 g (or about 12 level teaspoons) for a person of healthy body weight consuming about 2000 calories per day.",0
Limiting further to 5% or less of total daily energy intake may provide additional health benefits.,0
Consumption of free sugars should be limited throughout the life course.,0
Free sugars include monosaccharides and disaccharides (e.g.,0
"sucrose, fructose, glucose) added to foods and beverages by the manufacturer, cook or consumer, and sugars naturally present in honey, syrups, fruit juices and fruit juice concentrates.",0
Reducing consumption of free sugars (and maintaining low levels of intake) should be accomplished without the use of non-sugar sweeteners.,0
"Examples of common non-sugar sweeteners include acesulfame K, aspartame, advantame, cyclamates, neotame, saccharin, sucralose, stevia and stevia derivatives.",0
"Fat is an essential nutrient for proper functioning of cells in the body, and two fatty acids – linoleic acid and α-linolenic acid – can only be obtained from the diet.",0
"Therefore, in adults, a minimum of 15% of the energy consumed per day should be from fat, up to 30% of total daily calories or more as described below.",0
"For adults, limiting the amount of total fat in the diet to 30% or less of total daily energy intake may help to prevent unhealthy weight gain in the adult population.",0
Children have unique energy requirements for optimal growth and development throughout childhood and adolescence and therefore higher total fat intakes may also be acceptable.,0
The quality of dietary fat is important.,0
No more than 10% of total energy intake should come from saturated fat and no more than 1% of total energy from trans fat of any type.,0
Lower intakes of saturated and trans fat may have additional health benefits.,0
Saturated and trans fat can be replaced with polyunsaturated fat or monounsaturated fat from plant sources.,0
"Saturated fat can also be replaced by carbohydrates from foods containing naturally-occurring dietary fibre, such as whole grains, fruits, vegetables and pulses.",0
"In particular, industrially-produced trans fats are not part of a healthy diet and should be avoided.",0
"doughnuts, cakes, pies, cookies, biscuits and wafers) that contain industrially-produced trans fat.",0
"Proteins provide the building blocks for many of the structural elements of the body, such as muscle, as well as functional molecules such as hormones and enzymes.",0
Protein intake at 10–15% of total daily energy intake is generally sufficient to meet the needs of adults (approximately 50–75 grams for a person of healthy body weight consuming about 2000 calories per day).,0
"Protein intake may be greater than 15% of total daily energy intake during adolescence, and for athletes, body builders and others actively building and/or maintaining significant amounts of muscle mass.",0
"Consuming excessive amounts of protein, however, can place a metabolic burden on the body, particularly the kidneys.",0
Protein can come from a mix of animal and plant sources.,0
"Protein digestibility and quality should also be considered, particularly in childhood and adolescence.",0
"In some contexts, switching to more plant-based sources of protein may be preferable to decrease risk of diet-related noncommunicable diseases in adults.",0
"In other contexts, consumption of animal source foods is still important to favour nutrient intakes, particularly in children and pregnant/lactating women.",0
Sodium and potassium are essential minerals but high intake of sodium (salt) is associated with increased blood pressure which can lead to cardiovascular disease.,0
Salt intake is high in many parts of the world and people are often unaware of the amount of salt they consume.,0
Potassium can mitigate the negative effects of elevated sodium consumption on blood pressure.,0
"In many countries, most salt comes from processed foods (e.g.",0
"ready meals; processed meats such as bacon, ham and salami; cheese; and salty snacks) or from foods consumed frequently in large amounts (e.g.",0
Salt is also added to foods during cooking (e.g.,0
"bouillon, stock cubes, soy sauce and fish sauce) or at the point of consumption (e.g.",0
"In adults, salt intake should be limited to less than 5 grams per day (2 grams per day sodium).",0
For children the maximum amount of sodium is less and needs to be estimated based on energy intake.,0
Salt intake can be reduced by limiting the amount of salt and high-sodium condiments (e.g.,0
"soy sauce, fish sauce and bouillon) when cooking and preparing foods; not having salt or high-sodium sauces on the table; limiting the consumption of salty snacks; and choosing products with lower sodium content.",0
A potassium intake of at least 90 mmol/day (3510 mg/day) for adults may be beneficial.,0
For children the amount of potassium is less and needs to be estimated based on energy intake.,0
Intake of potassium can be increased by consuming fresh fruit and vegetables.,0
"Lower-sodium salt substitutes (LSSS), in which a proportion of the sodium is typically replaced with potassium, are alternatives to regular table salt..",0
"These products can contribute to reducing sodium intake in people not at risk of hyperkalaemia (elevated potassium levels in the blood), especially in populations where discretionary salt is a major source of sodium intake and can therefore help reduce cardiovascular disease through both lower sodium intake and higher potassium intake.",0
WHO recommends this intervention for settings where health systems have the capacity to detect promptly and manage potential cases of kidney disease.,0
"Micronutrients are essential vitamins and minerals – there are about 30 in total, including 13 vitamins (such as A, B-complex, C, D, E, and K) and 16 minerals (like iron, iodine, zinc, and calcium) – that the body needs in small amounts for proper growth and health.",0
"Deficiencies in these nutrients can lead to serious health issues, from anaemia and scurvy to cognitive impairment and neural tube defects.",0
"Globally, micronutrient deficiencies are highly prevalent: more than half of children under five and over two‑thirds of non‑pregnant women of reproductive age are deficient in at least one key micronutrient (typically iron, zinc, vitamin A, or folate).",0
"Encourage a diet with a wide variety of nutrient‑dense foods, including fruits, vegetables, whole grains, legumes, nuts, seeds, and lean animal‑source foods, to ensure adequate intake of key vitamins and minerals.",0
"Promote the consumption of micronutrient‑rich foods regularly – for example, beans or lean meats to support iron intake; dark‑green leafy vegetables to improve vitamin A status; or iodized salt to avoid iodine deficiency.",0
"In countries where micronutrient deficiencies are highly prevalent (20% or higher), integrate large‑scale food fortification into national public health strategies by fortifying widely-consumed staples and condiments – such as flour, rice, oil, salt, or sugar – with key micronutrients (e.g., iron, folic acid, vitamin A, iodine, and zinc).",0
"A wide variety of foods, including a variety of fruits, vegetables, pulses, wholegrains and lean sources of protein, help ensure a healthy diet.",0
"Diverse diets, based on a wide variety of foods, between and within food groups, are associated with a greater likelihood of meeting vitamin and mineral requirements and reduced risk of diet-related noncommunicable diseases.",0
"For many adults, a shift towards more plant-based sources of protein may bring health benefits, particularly when the shift is away from red meat.",0
"Foods high in unhealthy fats, free sugars and sodium should be limited.",0
"Additionally, diets containing significant amounts of highly processed foods, which are often high in sodium, sugar or unhealthy fats, are associated with negative health outcomes.",0
"In the first 2 years of a child’s life, optimal nutrition fosters healthy growth and improves cognitive development.",0
It also reduces the risk of becoming overweight or obese and developing NCDs later in life.,0
infants should be breastfed exclusively during the first 6 months of life;.,0
infants should be breastfed continuously until 2 years of age and beyond;.,0
"from 6 months of age, breast milk should be complemented with a variety of adequate, safe and nutrient-dense foods.",0
Salt and sugars should not be added to complementary foods;.,0
"infants and young children of 6–23 months of age should consume a diverse diet that includes animal source foods, such as meat, fish, or eggs, as well as fruits and vegetables;.",0
consumption of starchy staple foods should be minimized; and.,0
"foods high in sugar, salt and trans fats as well as sweet beverages should be avoided.",0
"Diet evolves over time, being influenced by many social and economic factors that interact in a complex manner to shape individual dietary patterns.",0
"These factors include income, food prices (which will affect the availability and affordability of healthy foods), individual preferences and beliefs, cultural traditions, and geographical and environmental aspects (including climate change).",0
"Therefore, creating a healthy food environment – that promotes a diversified, balanced and healthy diet – requires the involvement of multiple sectors and stakeholders, including government, and the public and private sectors.",0
Governments have a central role in creating a healthy food environment that enables people to adopt and maintain healthy dietary practices.,0
"creating coherence in national policies and investment plans – including health, food and agricultural, education, fiscal and trade policies – to promote a healthy diet and protect public health through: increasing incentives (e.g.",0
"through subsidies) for producers and retailers to grow, use and sell fresh fruit and vegetables;.",0
"establishing taxes and reducing incentives for the food industry to decrease production of processed foods containing high levels of saturated fat, trans fat, free sugars and salt/sodium;.",0
"encouraging reformulation of food products to reduce the contents of saturated fat, trans fat, free sugars and salt/sodium, with the goal of eliminating industrially-produced trans fat;.",0
implementing mandatory instruments to protect children from the harmful impact of food marketing;.,0
"establishing standards to foster healthy dietary practices through ensuring the availability of healthy, nutritious, safe and affordable foods in pre-schools, schools, other public institutions and the workplace; and.",0
"encouraging transnational, national and local food services and catering outlets to improve the nutritional quality of their foods – ensuring the availability and affordability of healthy options – and to review portion sizes and pricing;.",0
promoting consumer awareness of a healthy diet;.,0
developing school policies and programmes that encourage and enable children to adopt and maintain a healthy diet;.,0
"nudging interventions that deliberately adjust the choice architecture and the context within which consumers make dietary decisions, including how options are presented, placed and priced;.",0
"educating children, adolescents and adults about nutrition and healthy dietary practices;.",0
"encouraging culinary skills, including in children through schools;.",0
"supporting point-of-sale information, including through nutrition labelling that ensures accurate, standardized and comprehensible information on nutrient contents in foods (in line with the Codex Alimentarius Commission guidelines);.",0
implementing interpretive front-of-pack labelling to facilitate consumer understanding; and.,0
providing nutrition and dietary counselling at primary health-care facilities;.,0
implementing the International Code of Marketing of Breast-milk Substitutes and subsequent relevant World Health Assembly resolutions;.,0
implementing policies and practices to promote protection of working mothers;.,0
ensuring access to quality counselling on infant and young child feeding during pregnancy and the first two years of life; and.,0
"promoting, protecting and supporting breastfeeding in health services and the community, including through the Baby-friendly Hospital Initiative.",0
WHO’s work to improve diets and nutrition is rooted in mandates from its Member States through resolutions of the World Health Assembly (WHA) and the United Nations General Assembly (UNGA).,0
"Momentum started with the WHO Global Strategy on Diet, Physical Activity and Health in 2004, which called for coordinated action across governments, civil society, the private sector and WHO to promote healthy diets and physical activity.",0
protecting people from harmful dietary components and commercial practices; and.,0
"Together, these resolutions require WHO to support all countries in ensuring that everyone, everywhere, can access healthy, safe and affordable diets throughout life.",0
"Building the evidence: guidelines, standards and toolsTo fulfil these mandates, WHO turns nutrition science into practical, evidence‑based guidance.",0
"WHO has produced more than 15 guidelines over the last decade, including recommendations on reducing salt, sugars and unhealthy fats; eliminating industrially produced trans fats; improving complementary feeding; and supporting breastfeeding, among others.",0
Supporting action: turning evidence into impactWHO supports countries in implementing these policies through multiple initiatives.,0
The REPLACE action package offers a roadmap to eliminate industrial trans fats and has already helped protect more than 50% of the global population.,0
"WHO also co‑leads major global efforts – including the Global Action Plan on Child Wasting, the Framework to Accelerate Anaemia Reduction and the Acceleration Plan to Stop Obesity – to support countries in developing national roadmaps and strengthening primary health‑care services.",0
"Monitoring progress: data for accountabilityWHO collaborates with FAO, UNICEF and academic partners to strengthen global monitoring of dietary patterns and food‑policy implementation.",0
"WHO uses low‑burden tools and standardized metrics to assess dietary intake at population level, enabling more frequent and comparable data collection .",0
"WHO also maintains the Global Database for Food and Nutrition Actions (GIFNA), which tracks more than 3100 food and nutrition policies worldwide, helping monitor progress and identify policy gaps.",0
The number of people living with diabetes rose from 200 million in 1990 to 830 million in 2022.,0
Prevalence has been rising more rapidly in low- and middle-income countries than in high-income countries.,0
More than half of people living with diabetes did not take medication for their diabetes in 2022.,0
Diabetes treatment coverage was lowest in low- and middle-income countries.,0
"Diabetes causes blindness, kidney failure, heart attacks, stroke and lower limb amputation.",0
"In 2021, diabetes and kidney disease due to diabetes caused over 2 million deaths.",0
"In addition, around 11% of cardiovascular deaths were caused by high blood glucose.",0
"A healthy diet, regular physical activity, maintaining a normal body weight and avoiding tobacco use are ways to prevent or delay the onset of type 2 diabetes.",0
"Diabetes can be treated and its consequences avoided or delayed with diet, physical activity, medication and regular screening and treatment for complications.",0
"In 2022, 14% of adults aged 18 years and older were living with diabetes, an increase from 7% in 1990.",0
More than half (59%) of adults aged 30 years and over living with diabetes were not taking medication for their diabetes in 2022.,0
"In 2021, diabetes was the direct cause of 1.6 million deaths and 47% of all deaths due to diabetes occurred before the age of 70 years.",0
"Another 530 000 kidney disease deaths were caused by diabetes, and high blood glucose causes around 11% of cardiovascular deaths (1).",0
"Since 2000, mortality rates from diabetes have been increasing.",0
"By contrast, the probability of dying from any one of the four main noncommunicable diseases (cardiovascular diseases, cancer, chronic respiratory diseases or diabetes) between the ages of 30 and 70 decreased by 20% globally between 2000 and 2019.",0
Symptoms of diabetes may occur suddenly.,0
"In type 2 diabetes, the symptoms can be mild and may take many years to be noticed.",0
needing to urinate more often than usual.,0
"Over time, diabetes can damage blood vessels in the heart, eyes, kidneys and nerves.",0
"People with diabetes have a higher risk of health problems including heart attack, stroke and kidney failure.",0
Diabetes can cause permanent vision loss by damaging blood vessels in the eyes.,0
Many people with diabetes develop problems with their feet from nerve damage and poor blood flow.,0
This can cause foot ulcers and may lead to amputation.,0
"Type 1 diabetes (previously known as insulin-dependent, juvenile or childhood-onset) is characterized by deficient insulin production and requires daily administration of insulin.",0
In 2017 there were 9 million people with type 1 diabetes; the majority of them live in high-income countries.,0
Neither its cause nor the means to prevent it are known.,0
Type 2 diabetes affects how your body uses sugar (glucose) for energy.,0
"It stops the body from using insulin properly, which can lead to high levels of blood sugar if not treated.",0
"Over time, type 2 diabetes can cause serious damage to the body, especially nerves and blood vessels.",0
Type 2 diabetes is often preventable.,0
"Factors that contribute to developing type 2 diabetes include being overweight, not getting enough exercise, and genetics.",0
Early diagnosis is important to prevent the worst effects of type 2 diabetes.,0
The best way to detect diabetes early is to get regular check-ups and blood tests with a healthcare provider.,0
Symptoms of type 2 diabetes can be mild.,0
They may take several years to be noticed.,0
Symptoms may be similar to those of type 1 diabetes but are often less marked.,0
"As a result, the disease may be diagnosed several years after onset, after complications have already arisen.",0
More than 95% of people with diabetes have type 2 diabetes.,0
"Type 2 diabetes was formerly called non-insulin dependent, or adult onset.",0
"Until recently, this type of diabetes was seen only in adults but it is now also occurring increasingly frequently in children.",0
Gestational diabetes is hyperglycaemia with blood glucose values above normal but below those diagnostic of diabetes.,0
Gestational diabetes occurs during pregnancy.,0
Women with gestational diabetes are at an increased risk of complications during pregnancy and at delivery.,0
These women and possibly their children are also at increased risk of type 2 diabetes in the future.,0
"Gestational diabetes is diagnosed through prenatal screening, rather than through reported symptoms.",0
Impaired glucose tolerance (IGT) and impaired fasting glycaemia (IFG) are intermediate conditions in the transition between normality and diabetes.,0
"People with IGT or IFG are at high risk of progressing to type 2 diabetes, although this is not inevitable.",0
Lifestyle changes are the best way to prevent or delay the onset of type 2 diabetes.,0
reach and keep a health body weight.,0
stay physically active with at least 150 minutes of moderate exercise each week.,0
eat a healthy diet and avoid sugar and saturated fat.,0
Early diagnosis can be accomplished through relatively inexpensive testing of blood glucose.,0
People with type 1 diabetes need insulin injections for survival.,0
One of the most important ways to treat diabetes is to keep a healthy lifestyle.,0
Some people with type 2 diabetes will need to take medicines to help manage their blood sugar levels.,0
These can include insulin injections or other medicines.,0
sodium-glucose co-transporters type 2 (SGLT-2) inhibitors.,0
"Along with medicines to lower blood sugar, people with diabetes often need medications to lower their blood pressure and statins to reduce the risk of complications.",0
foot care to treat ulcers.,0
screening and treatment for kidney disease.,0
eye exams to screen for retinopathy (which causes blindness).,0
"WHO aims to stimulate and support the adoption of effective measures for the surveillance, prevention and control of diabetes and its complications, particularly in low- and middle-income countries.",0
provides scientific guidelines for the prevention of major noncommunicable diseases including diabetes;.,0
develops norms and standards for diabetes diagnosis and care;.,0
"builds awareness on the global epidemic of diabetes, marking World Diabetes Day (14 November); and.",0
conducts surveillance of diabetes and its risk factors.,0
"In April 2021 WHO launched the Global Diabetes Compact, a global initiative aiming for sustained improvements in diabetes prevention and care, with a particular focus on supporting low- and middle-income countries.",0
"In May 2021, the World Health Assembly agreed a Resolution on strengthening prevention and control of diabetes.",0
In May 2022 the World Health Assembly endorsed five global diabetes coverage targets to be achieved by 2030.,0
"To learn more about the Global Diabetes Compact, to access diabetes-related technical publications to get involved in upcoming initiatives, visit the Global Diabetes Compact webpage.",0
Global Burden of Disease Collaborative Network.,0
Global Burden of Disease Study 2021.,0
Institute for Health Metrics and Evaluation.,0
Regular physical activity provides significant physical and mental health benefits.,0
"In adults, physical activity contributes to prevention and management of noncommunicable diseases such as cardiovascular diseases, cancer and diabetes and reduces symptoms of depression and anxiety, enhances brain health, and can improve overall well-being.",0
"In children and adolescents, physical activity promotes bone health, encourages healthy growth and development of muscle, and improves motor and cognitive development.",0
31% of adults and 80% of adolescents do not meet the recommended levels of physical activity.,0
"The global target set to reduce levels of physical inactivity in adults and adolescents is a 10% relative reduction by 2025 and 15% by 2030, from the 2010 baseline.",0
The global estimate of the cost of physical inactivity to public health care systems between 2020 and 2030 is about US$ 300 billion (approximately US$ 27 billion per year) if levels of physical inactivity are not reduced.,0
WHO defines physical activity as any bodily movement produced by skeletal muscles that requires energy expenditure.,0
"Physical activity refers to all movement including during leisure time, for transport to get to and from places, or as part of a person’s work or domestic activities.",0
Both moderate- and vigorous-intensity physical activity improve health.,0
"Popular ways to be active include walking, cycling, wheeling, sports, active recreation and play, and can be done at any level of skill and for enjoyment by everybody.",0
"Physical activity is beneficial to health and well-being and conversely, physical inactivity increases risk for noncommunicable diseases (NCDs) and other poor health outcomes.",0
"Together, physical inactivity and sedentary behaviours are contributing to the rise in NCDs and placing a burden on healthcare systems.",0
Improving levels of physical activity will benefit health and well-being and contribute to attainment of global NCD targets and a number of the Sustainable Development Goals.,0
"However, this will require increased commitments and investments by Member States; innovation and contributions from non-state actors; cross sector coordination and collaboration; and ongoing guidance and monitoring from WHO.",0
Physical inactivity is one of the leading risk factors for noncommunicable diseases mortality.,0
People who are insufficiently active have a 20% to 30% increased risk of death compared to people who are sufficiently active.,0
"in children and adolescents, improved physical fitness, cardiometabolic health, bone health, cognitive outcomes, mental health and reduced body fat;.",0
"in adults and older adults, reduced risk of all-cause mortality, risk of cardiovascular disease mortality, incident hypertension, incident site-specific cancers, incident type-2 diabetes, and falls and improved mental health, cognitive health, sleep and measures of body fat; and.",0
"for pregnant and post-partum women, decreased risk of pre-eclampsia, gestational hypertension, gestational diabetes, excessive gestational weight gain, delivery complications, postpartum depression and newborn complications.",0
Physical activity has no adverse effects on birthweight or increased risk of stillbirth.,0
"Sedentary behaviour is any period of low-energy expenditure while awake such as sitting, reclining or lying.",0
"Lives are becoming increasingly sedentary through the use of motorized transport and the increased use of screens for work, education and recreation.",0
"in children and adolescents, increased adiposity, poorer cardiometabolic health, fitness, and behavioural conduct/pro-social behaviour, and reduced sleep duration; and.",0
"in adults, increased all-cause mortality, cardiovascular disease mortality and cancer mortality and incidence of cardiovascular disease, cancer and type-2 diabetes.",0
"The WHO Global guidelines on physical activity and sedentary behaviour provide recommendations for children (age 5 and up), adolescents, adults, older adults, pregnant and post-partum women, and people living with chronic conditions and disabilities.",0
"The recommendations detail the amount of physical activity (frequency, intensity and duration) required to offer significant health benefits and to reduce health risks.",0
The guidelines highlight that any amount of physical activity is better than none; all physical activity counts; all age groups should limit the amount of time being sedentary; and muscle strengthening benefits everyone.,0
An infographic summarizes the current WHO guidelines on physical activity and sedentary behaviour for all age groups.,0
WHO develops guidelines through an arduous process of reviewing scientific evidence and expert consultations.,0
"Preparations are already underway for the next guidelines, anticipated for publication in 2030.",0
WHO regularly monitors trends in physical inactivity.,0
"A recent study (1) found that nearly one third (31%) of the world’s adult population, 1.8 billion adults, are physically inactive.",0
"That is, they do not meet the global recommendations of at least 150 minutes of moderate-intensity physical activity per week.",0
This is an increase of 5 percentage points between 2010 and 2022.,0
"If this trend continues, the proportion of adults not meeting recommended levels of physical activity is projected to rise to 35% by 2030.",0
"Globally, there are notable age and gender differences in levels of physical inactivity.",0
Women are less active than men by an average of 5 percentage points.,0
This has not changed since 2000.,0
After 60 years of age physical inactivity levels increase in both men and women.,0
81% of adolescents (aged 11–17 years) were physically inactive (2).,0
"Adolescent girls were less active than adolescent boys, with 85% vs. 78%, not meeting WHO guidelines.",0
Many different factors can determine how active people are and the overall levels of physical activity in different population groups.,0
"These factors can be related to the individual or wider social, cultural, environmental and economic determinants that influence access and opportunities to be active in safe and enjoyable ways.",0
The WHO Global action plan on physical activity provides policy recommendations for countries and communities to promote physical activity and ensure everyone has more opportunities to be regularly active.,0
"Examples of these recommendations include policies that ensure access to walking, cycling and non-motorized transport; that increase physical activity opportunities in schools, workplaces, childcare centres and in healthcare service delivery; and that increase accessibility and availability of community sports and public open spaces.",0
"Implementing effective policies to increase levels of physical activity requires a collective effort, coordinated across multiple government departments at all levels, including health, transport, education, employment, sport and recreation, and urban planning.",0
"It also demands national and local engagement from nongovernmental organizations, various sectors, stakeholders and disciplines to support the implementation of policies and solutions that are appropriate to a country’s cultural and social environment.",0
"Priority should be given to policy actions that address disparities in levels of physical activity, promoting, enabling and encouraging physical activity for all.",0
"developing global policy guidance and guidelines, underpinned by latest evidence and consensus;.",0
supporting countries to develop appropriate policies that promote physical activity and multisectoral collaborations;.,0
conducting advocacy to raise awareness of the multiple benefits of increasing physical activity and support the development of economic analysis of the impact of increasing physical activity and return on investment of different policy interventions;.,0
"developing technical tools and training packages to help countries build capacity in the implementation of policy and programmes across key settings and innovations using digital platforms including through WHO Academy courses, multi-country workshops and other knowledge exchange activities;.",0
"convening, coordinating, and collaborating to strengthen partnerships across sectors and between policy makers, practitioners and researcher communities; and.",0
"undertaking global monitoring and reporting of progress on implementation of the Global action plan on physical activity, global levels of physical inactivity and progress towards a 15% relative reduction in the prevalence of physical inactivity by 2030.",0
"WHO supports countries and stakeholders to implement the recommended actions by developing global policy guidance and guidelines, underpinned by latest evidence and consensus, to help countries develop appropriate policies, investment cases and financing mechanisms.",0
"Strain, T., Flaxman, S., et al.",0
"National, regional, and global trends in insufficient physical activity among adults from 2000 to 2022: a pooled analysis of 507 population-based surveys with 5·7 million participants.",0
The Lancet Global Health (2024).,0
"Guthold, R., Stevens, G., et al.",0
Global trends in insufficient physical activity among adolescents: a pooled analysis of 298 population-based surveys with 1.6 million participants.,0
The Lancet Child & Adolescent Health Vol.,0
An estimated 1.4 billion adults aged 30–79 years worldwide had hypertension in 2024; this represents 33% of the popluation in this age range.,0
Two-thirds of adults aged 30–79 years who have hypertension live in low- and middle-income countries.,0
An estimated 600 million adults with hypertension (44%) are unaware that they have the condition.,0
Approximately 630 million adults with hypertension (44%) are diagnosed and treated.,0
Approximately 320 million adults with hypertension (23%) have it under control.,0
Hypertension is a major cause of premature death worldwide.,0
One of the global targets for noncommunicable diseases is to reduce the prevalence of uncontrolled hypertension by 25% between 2010 and 2025.,0
Hypertension (high blood pressure) is when the pressure in your blood vessels is too high (140/90 mmHg or higher).,0
It is common but can be serious if not treated.,0
People with high blood pressure may not feel symptoms.,0
The only way to know is to get your blood pressure checked.,0
"Lifestyle changes like eating a healthier diet, quitting tobacco and being more active can help lower blood pressure.",0
Some people may still need to take medicines.,0
Blood pressure is written as two numbers.,0
The first (systolic) number represents the pressure in blood vessels when the heart contracts or beats.,0
"The second (diastolic) number represents the pressure in the vessels when the heart rests between beats.Hypertension is diagnosed if, when it is measured on two different days, the systolic blood pressure readings on both days is ≥140 mmHg and/or the diastolic blood pressure readings on both days is ≥90 mmHg.",0
"Modifiable risk factors include unhealthy diets (excessive salt consumption, a diet high in saturated fat and trans fats, low intake of fruits and vegetables), physical inactivity, consumption of tobacco and alcohol, and being overweight or obese.",0
"In addition, there are environmental risk factors for hypertension and associated diseases, where air pollution is the most significant.",0
"Non-modifiable risk factors include a family history of hypertension, age over 65 years and co-existing diseases such as diabetes or kidney disease.",0
Most people with hypertension don’t feel any symptoms.,0
"Very high blood pressures can cause headaches, blurred vision, chest pain and other symptoms.",0
Checking your blood pressure is the best way to know if you have high blood pressure.,0
"If hypertension isn’t treated, it can cause other health conditions like kidney disease, heart disease and stroke.",0
blurred vision or other vision changes.,0
"If you are experiencing any of these symptoms and a high blood pressure, seek care immediately.",0
The only way to detect hypertension is to have a health professional measure blood pressure.,0
Having blood pressure measured is quick and painless.,0
"Although individuals can measure their own blood pressure using automated devices, an evaluation by a health professional is important for assessment of risk and associated conditions.",0
Lifestyle changes can help lower high blood pressure.,0
"eating a healthy, low-salt diet.",0
"If you have high blood pressure, your doctor may recommend one or more medicines.",0
Your recommended blood pressure goal may depend on what other health conditions you have.,0
cardiovascular disease (heart disease or stroke).,0
high risk for cardiovascular disease.,0
"For most people, the goal is to have a blood pressure less than 140/90.",0
ACE inhibitors including enalapril and lisinopril relax blood vessels and prevent kidney damage.,0
Angiotensin-2 receptor blockers (ARBs) including losartan and telmisartan relax blood vessels and prevent kidney damage.,0
Calcium channel blockers including amlodipine and felodipine relax blood vessels.,0
"Diuretics including hydrochlorothiazide and chlorthalidone eliminate extra water from the body, lowering blood pressure.",0
Lifestyle changes can help lower high blood pressure and can help anyone with hypertension.,0
Many who make these changes will still need to take medicine.,0
These lifestyle changes can help prevent and lower high blood pressure.,0
Eat more vegetables and fruits.,0
"Be more physically active, which can include walking, running, swimming, dancing or activities that build strength, like lifting weights.Get at least 150 minutes per week of moderate-intensity aerobic activity or 75 minutes per week of vigorous aerobic activity.Do strength building exercises 2 or more days each week.",0
Get at least 150 minutes per week of moderate-intensity aerobic activity or 75 minutes per week of vigorous aerobic activity.,0
Do strength building exercises 2 or more days each week.,0
Lose weight if you’re overweight or obese.,0
Take medicines as prescribed by your health care professional.,0
Keep appointments with your health care professional.,0
eat too much salty food (try to stay under 2 grams per day).,0
eat foods high in saturated or trans fats.,0
"drink too much alcohol (1 drink daily max for women, 2 for men).",0
"Reducing hypertension prevents heart attack, stroke and kidney damage, as well as other health problems.",0
reducing exposure to polluted air.,0
"Among other complications, hypertension can cause serious damage to the heart.",0
"Excessive pressure can harden arteries, decreasing the flow of blood and oxygen to the heart.",0
"chest pain, also called angina;.",0
"heart attack, which occurs when the blood supply to the heart is blocked and heart muscle cells die from lack of oxygen.",0
"The longer the blood flow is blocked, the greater the damage to the heart;.",0
"heart failure, which occurs when the heart cannot pump enough blood and oxygen to other vital body organs; and.",0
irregular heart beat which can lead to a sudden death.,0
"Hypertension can also burst or block arteries that supply blood and oxygen to the brain, causing a stroke.",0
"In addition, hypertension can cause kidney damage, leading to kidney failure.",0
The prevalence of hypertension varies across regions and country income groups.,0
The WHO Eastern Mediterranean Region has the highest prevalence of hypertension (38%) while the WHO Western Pacific Region has the lowest prevalence of hypertension (29%).,0
"The number of adults with hypertension increased from 650 million in 1990 to 1.4 billion in 2024, with the increase seen largely in low- and middle-income countries.",0
This increase is due mainly to a rise in the number of older adults in those countries.,0
The World Health Organization (WHO) supports countries to reduce hypertension as a public health problem.,0
"In 2021, WHO released a new guideline for on the pharmacological treatment of hypertension in adults.",0
"The publication provides evidence-based recommendations for the initiation of treatment of hypertension, and recommended intervals for follow-up.",0
"The document also includes target blood pressure to be achieved for control, and information on who, in the health-care system, can initiate treatment.",0
"To support governments in strengthening the prevention and control of cardiovascular disease, WHO and the United States Centers for Disease Control and Prevention (U.S. CDC) launched the Global Hearts Initiative in September 2016, which includes the HEARTS technical package.",0
"The six modules of the HEARTS technical package (Healthy-lifestyle counselling, Evidence-based treatment protocols, Access to essential medicines and technology, Risk-based management, Team-based care, and Systems for monitoring) provide a strategic approach to improve cardiovascular health in countries across the world.",0
"In September 2017, WHO began a partnership with Resolve to Save Lives, an initiative of Vital Strategies, to support national governments to implement the Global Hearts Initiative.",0
"Other partners contributing to the Global Hearts Initiative are the CDC Foundation, the Global Health Advocacy Incubator, the Johns Hopkins Bloomberg School of Public Health, the Pan American Health Organization (PAHO) and the U.S. CDC.",0
"Since implementation of the programme in 2017, in more than 40 low- and middle-income countries, 13.5 million people have been put on protocol-based hypertension treatment through person-centred models of care.",0
These programmes demonstrate the feasibility and effectiveness of standardized hypertension control programmes.,0
About WHO Partnerships Committees and advisory groups Collaborating centres Technical teams Organizational structure Who we are.,0
"However, the basic principles of what constitutes a healthy diet remain the same and are described in four principles:.",0
"Unsaturated fat (found in fish, avocado and nuts, and in sunflower, soybean, canola and olive oils) is preferable to saturated fat (found in fatty meat, butter, palm and coconut oil, cream, cheese, ghee and lard) and trans fat of all kinds, including both industrially-produced trans fat (found in baked and fried foods, and pre-packaged snacks and foods, such as frozen pizza, pies, cookies, biscuits, wafers, and cooking oils and spreads) and ruminant trans fat (found in meat and dairy foods from ruminant animals, such as cows, sheep, goats and camels).",0
"Fat intake, especially saturated and trans fat, can be reduced by: steaming or boiling instead of frying when cooking; replacing butter, lard and ghee with oils rich in polyunsaturated fat, such as soybean, canola (rapeseed), corn, safflower and sunflower oils; eating reduced-fat dairy foods and lean meats, or trimming visible fat from meat; and limiting the consumption of baked and fried foods, and pre-packaged snacks and foods (e.g.",0
"Advice on a healthy diet for infants and children is similar to that for adults, but the following elements are also important:.",0
"encouraging consumer demand for healthy foods and meals through: promoting consumer awareness of a healthy diet;developing school policies and programmes that encourage and enable children to adopt and maintain a healthy diet;nudging interventions that deliberately adjust the choice architecture and the context within which consumers make dietary decisions, including how options are presented, placed and priced; educating children, adolescents and adults about nutrition and healthy dietary practices;encouraging culinary skills, including in children through schools;supporting point-of-sale information, including through nutrition labelling that ensures accurate, standardized and comprehensible information on nutrient contents in foods (in line with the Codex Alimentarius Commission guidelines);implementing interpretive front-of-pack labelling to facilitate consumer understanding; andproviding nutrition and dietary counselling at primary health-care facilities;.",0
Regular physical activity is associated with:.,0
Evidence shows higher amounts of sedentary behaviour are associated with the following poor health outcomes:.,0
"Immunization is a global health success story, saving millions of lives every year.",0
"Immunization currently prevents 3.5 million to 5 million deaths every year from diseases like diphtheria, tetanus, pertussis (whooping cough), influenza and measles.",0
"Immunization is key to primary health care, an indisputable human right, and one of the best health investments money can buy.",0
Vaccines are also critical to the prevention and control of infectious disease outbreaks.,0
They underpin global health security and are a vital tool in the battle against antimicrobial resistance.,0
"Vaccines train your immune system to create antibodies, just as it does when it’s exposed to a disease.",0
"However, because vaccines contain only killed or weakened forms of germs like viruses or bacteria, they do not cause the disease or put you at risk of its complications.",0
Talk to your health-care provider to find out what vaccinations are needed for you and your family.,0
"WHO is working with countries and partners to improve global vaccination coverage, including through these initiatives adopted by the World Health Assembly in August 2020.",0
IA2030 is operationalized through regional and national strategies and a mechanism to ensure ownership and accountability and a monitoring and evaluation framework to guide country implementation.,0
WHO expert group’s new analysis reaffirms there is no link between vaccines and autism.,0
"In this 2-part episode of Science in 5, WHO’s Dr Kate O’Brien breaks down how vaccines are tested, approved, and monitored even after they reach the public.",0
She also explains what happens if a safety concern is flagged.,0
"It has been observed time and again that various fake news are circulated through social media channels such as youtube, whatsapp, facebook etc which has a wide reach among masses.",0
"These fake news are baseless and doesn't have any scientific facts related to them and due to its presentation, they create a situation of panic among citizens.",0
Ice cream and frozen dessert are two standardized products under FSS (FPS and FA) regulation 2011 and have to follow FSS (labelling) regulation along with specific labelling requirements mentioned in the standards itself.,0
These Standards/ Regulations are framed after risk assessment and extensive consultation/ deliberation with stakeholders and considering the comments received from the stakeholders on draft notification.,0
"By virtue of ingredients including vegetable oil allowed to be used for preparation of Frozen desserts as specified in the specific standards, the product is safe for human consumption, if it complies with the requirements of FSSR.",0
When we completely dissolve any solid substance (solute) in a liquid substance (solvent) it is known as a solution.,0
"There is a maximum limit for every solute to dissolve in a fixed amount of solvent, also known as saturation point.",0
"Generally, maximum 35 gram of pure salt can be dissolved in 100 ml of water (known as saturated solution).",0
"If more salt is added to this water, it will not get dissolved.",0
"Similarly, to dissolve larger amount of salts, more volume of water is required.",0
"In the video, a large amount of salt is being mixed in small quantity of water, leading to formation of lumps and foam and being wrongly perceived as adulteration with the detergent.",0
"These are permissible as per FSS (Food Product Standards and Food Additives) Regulation, 2011 and are not considered adulterants.",0
"Any rumor stating that FSSAI has permitted insects in chocolate manufacturing process, are false.",0
Complete food standards on chocolate in India can be found below.,0
"Ferrocyanides are approved anti-caking agents for common salt including edible common salt, Iron fortified salt and Iodized salt as per FSSAI Regulations.",0
In India it is allowed at level of 10 mg / kg compared to EU regulations where it is allowed 20 mg / Kg of salt.,0
"With regards to the apt level of exposure of cyanide from such of the above substances, recently one of the highly respected bodies in world of Science, the European Food Safety Authority (EFSA) has opined that acceptable daily intake of sodium/potassium/calcium ferrocyanides is 0.03 mg per Kg body weight per day expressed as ferrocyanide ion.",0
Detailed information on Ferrocyanides in Salt can be found at here size:( 0.5 MB).,0
There is no technology or chemicals available to complete the manufacturing of whole eggs.,0
"Also, it is not economically viable process since normal eggs are available in abundance & at an affordable price.",0
"When the egg is fresh, there is not enough time for evaporation to separate the 2 membranes (outer and inner layers) causing it to stick to each other.",0
This makes it look thicker and stronger when it is peeled.,0
"The reason why eggs differ from each other is because of difference in quality of feed, breed of bird, ageing of eggs & the handling of eggs.",0
"As the egg ages, the egg white changes its consistency, becomes thin and runny and finally egg yolk and white dissolve into each other & this mixing is aggravated by temperature abuse & not because egg is made artificially.",0
Detailed information on egg quality and safety is available at https://fssai.gov.in/cms/guidance-notes.php.,0
"It must be noted that use of melamine either as an ingredient or as an additive is not permitted in any food by FSSAI, although maximum limits for presence of melamine in food, including milk, have been prescribed to address the incidental presence of melamine as a contaminant.",0
This is as per international standards and is based on a proper risk assessment with respect to consumer health safety.,0
Setting up of such limits certainly does not mean that FSSAI allow addition of melamine to foods even within the specified maximum limit.,0
Detailed information on presence of melamine in milk is available at https://fssai.gov.in/all-whatnew.php.,0
Gluten is the rubbery mass that is left when wheat flour dough is washed with water & this is maliciously referred to as plastic..[+].,0
Detailed information on presence of plastic in wheat flour is available at https://fssai.gov.in/all-whatnew.php.,0
"It is the natural phenomenon of rice to burn since it is a complex carbohydrate and since rice is 80% starch, it has cohesive and adhesive properties and when the rice is cooked and transformed into ball, the air gets entrapped & becomes bouncy like a ball.",0
"The snacks such as namkeens and potato chips are mainly made of cereals, spices and oil and the carbohydrate and fat have a natural characteristic of burning when exposed to fire.",0
Overweight is a condition of excessive fat deposits.,0
"Obesity is classified by the World Health Organization (WHO) as a chronic, relapsing disease arising from complex interactions between genetics, neurobiology, eating behaviours, access to healthy diet, market forces, and the broader environment.",0
"These forces have created increasingly obesogenic environments, contributing to what is now a global public health crisis with more than 1 billion people living with obesity and prevalence rising in nearly every country (1).",0
A diagnosis of overweight or obesity is made by measuring people’s weight and height and by calculating the body mass index (BMI): weight (kg)/height² (m²).,0
"The body mass index is a surrogate marker of fatness and additional measurements, such as the waist circumference, can help the diagnosis of obesity.",0
overweight is a BMI greater than or equal to 25; and.,0
obesity is a BMI greater than or equal to 30.,0
overweight is BMI-for-age greater than 1 standard deviation above the WHO Growth Reference median; and.,0
obesity is greater than 2 standard deviations above the WHO Growth Reference median.,0
overweight is weight-for-height greater than 2 standard deviations above WHO Child Growth Standards median; and.,0
obesity is weight-for-height greater than 3 standard deviations above the WHO Child Growth Standards median.,0
"This corresponds to 43% of adults aged 18 years and over (43% of men and 44% of women) who were overweight; this is an increase from 1990, when 25% of adults aged 18 years and over were overweight.",0
"Once considered a high-income country problem, overweight is on the rise in low- and middle-income countries.",0
In most cases obesity is a multifactorial disease due to environmental and psycho-social factors and genetic variants.,0
"In a subgroup of patients, single major etiological factors can be identified (e.g.",0
Key environmental factors affecting the prevalence of overweight and obesity are those that limit the availability of healthy and sustainably-produced food at locally affordable prices spaces for physical activity and the absence of adequate legal and regulatory environments.,0
A further factor is the lack of an effective health system response to identify excess weight gain and fat deposition at an early stage.,0
The health risks caused by overweight and obesity are increasingly well documented and understood.,0
"Being overweight in childhood and adolescence affects children’s and adolescents’ health and is associated with greater risk and earlier onset of various NCDs, such as type 2 diabetes and cardiovascular disease.",0
Children with obesity are very likely to become adults with obesity and are also at a higher risk of developing NCDs in adulthood.,0
The economic impacts of the obesity epidemic are also important.,0
"If nothing is done, the global costs of overweight and obesity are predicted to reach US$ 3 trillion per year by 2030 and more than US$ 18 trillion by 2060 (4).",0
"Finally, the rise in obesity rates in low-and middle-income countries, including among lower socio-economic groups, is fast globalizing a problem that was once associated only with high-income countries.",0
"While these countries continue to deal with the problems of infectious diseases and undernutrition, they are also experiencing a rapid upsurge in noncommunicable disease risk factors such as obesity and overweight.",0
"It is common to find undernutrition and obesity co-existing within the same country, the same community and the same household.",0
"Children in low- and middle-income countries are more vulnerable to inadequate pre-natal, infant, and young child nutrition.",0
"At the same time, these children are exposed to high-fat, high-sugar, high-salt, energy-dense, and micronutrient-poor foods, which tend to be lower in cost but also lower in nutrient quality.",0
"These dietary patterns, in conjunction with lower levels of physical activity, result in sharp increases in childhood obesity while undernutrition issues remain unsolved.",0
"Overweight and obesity, as well as their related noncommunicable diseases, are largely preventable and manageable.",0
"when a diagnosis of obesity is established, advise on management of the disorder, including through healthy diet and regular physical activity, and explain and offer, as appropriate, available therapeutic and surgical measures; and.",0
Dietary and physical activity patterns are largely the result of environmental and societal conditions that greatly constrain personal choice.,0
"Obesity is a societal rather than an individual responsibility, with the solutions to be found through the creation of supportive environments and communities that embed healthy diets and regular physical activity as the most accessible, available and affordable behaviours of daily life.",0
The food industry can play a significant role in promoting healthy diets by:.,0
ensuring that healthy and nutritious choices are available and affordable to all consumers;.,0
They recognized that accelerated global action is needed to address pervasive and corrosive problem of the double burden of malnutrition.,0
"On the one hand, it helps your body defend itself from infection and injury.",0
"Stress, low activity levels, and foods that cause inflammation can make this risk even more significant.",0
"The most anti-inflammatory foods may include: Berries are small fruits packed with fiber, vitamins, and minerals.",0
Some of the most common ones include: Berries contain antioxidants called anthocyanins.,0
"In another study, adults with excess weight who ate strawberries had lower levels of specific inflammatory markers associated with heart disease than those who didn’t (6).",0
Fatty fish are a great source of protein and the long-chain omega-3 fatty acids eicosapentaenoic acid (EPA) and docosahexaenoic acid (DHA).,0
"Studies have found that people consuming salmon or EPA and DHA supplements experienced reductions in the inflammatory marker C-reactive protein (CRP) (12, 13).",0
"Research has shown that eating many cruciferous vegetables is associated with a decreased risk of heart disease and cancer (15, 16).",0
This may be related to the anti-inflammatory effects of the antioxidants they contain.,0
"Avocados contain potassium, magnesium, fiber, and heart-healthy monounsaturated fats (21, 22).",0
"They also contain carotenoids and tocopherols, which are linked to a reduced risk of cancer and heart disease (23, 24, 25).",0
"Research has found that drinking green tea is associated with a reduced risk of heart disease, cancer, Alzheimer’s disease, obesity, and other conditions (27, 28, 29).",0
"Many of its benefits are due to its antioxidant and anti-inflammatory properties, especially a substance called epigallocatechin-3-gallate (EGCG).",0
"Bell and chili peppers are loaded with vitamin C and antioxidants with powerful anti-inflammatory effects (32, 33, 34, 35).",0
"Bell peppers also provide the antioxidant quercetin, which may reduce inflammation associated with chronic diseases like diabetes (36, 37).",0
"Mushrooms are very low in calories and rich in selenium, copper, and all of the B vitamins.",0
"They also contain phenols and other antioxidants that provide anti-inflammatory protection (40, 41, 42, 43).",0
"Grapes are also one of the best sources of resveratrol, another antioxidant compound with many health benefits.",0
"Low levels of this hormone are associated with weight gain and an increased risk of cancer (50, 51).",0
"It has received a lot of attention because it contains curcumin, a powerful anti-inflammatory compound (52, 53, 54, 55).",0
"Research has shown that turmeric reduces inflammation related to arthritis, diabetes, and other diseases (55, 56, 57).",0
"It’s rich in monounsaturated fats and a staple in the Mediterranean diet, which provides numerous health benefits.",0
"The effect of oleocanthal, an antioxidant found in olive oil, has been compared to anti-inflammatory drugs like ibuprofen (63).",0
Remember that extra virgin olive oil has greater anti-inflammatory benefits than refined olive oils (4).,0
It’s also packed with antioxidants that help reduce inflammation.,0
"Tomatoes are high in vitamin C, potassium, and lycopene, an antioxidant with impressive anti-inflammatory properties (71, 72, 73, 74).",0
"Lycopene may be particularly beneficial for reducing pro-inflammatory compounds related to several types of cancer (75, 76, 77).",0
"That’s because lycopene is a carotenoid, a nutrient better absorbed with a source of fat.",0
"Cherries are delicious and rich in antioxidants, such as anthocyanins and catechins, which decrease inflammation (79, 80, 81).",0
"Although the health-promoting properties of tart cherries have been studied more than other varieties, sweet cherries may also provide benefits.",0
Examples of foods that have been linked to increased levels of inflammation can include: Keep in mind that it’s okay to eat these foods occasionally.,0
"Do your best to keep inflammation in check by choosing a wide variety of delicious, antioxidant-rich foods.",0
Eating foods that are as close to their original form and choosing a variety of brightly colored foods can help provide more anti-inflammatory nutrients.,0
Try this today: Enjoy the powerful antioxidant effects of chocolate by making your own hot chocolate.,0
"A diet high in processed foods, fats, and alcohol can cause inflammation.",0
Chronic inflammation increases your risk of metabolic syndrome and… You may often hear about a balanced diet.,0
Find out which nutrients make up a balanced diet and get some tips on healthy… Here are 13 foods that have been shown to lower cholesterol in studies.,0
"Berries may have many health benefits, including preventing and reducing symptoms of chronic disease.",0
"Deficiencies in certain vitamins, including vitamin C, zinc, and others, may weaken your immune system.",0
Taking supplements of these vitamins may help support immune system function.,0
"Some research suggests supplementing with certain vitamins, minerals, and herbs may help boost your immune system.",0
Vitamin D is a fat-soluble nutrient essential to the health and functioning of your immune system.,0
"Many people are deficient in this important vitamin, which may negatively affect immune function.",0
"Vitamin D deficiency may be associated with an increased risk of several conditions, such as: Research suggests that supplementing with vitamin D may help improve immune response.",0
Vitamin D has also been researched in connection with COVID-19 because of its effect on the immune system.,0
The recommended daily intake of vitamin D is 15 micrograms (600 IU) for adults.,0
Zinc is a mineral commonly added to supplements and other healthcare products.,0
Research suggests that zinc supplements may be beneficial for people who are already sick.,0
"Excessive doses may interfere with copper and iron absorption, which could increase your infection risk.",0
Vitamin C is perhaps the most popular supplement for protecting against infection due to its important role in immune health.,0
This vitamin supports the function of various immune cells and enhances their ability to protect against infection.,0
"That said, more research is needed to fully support the role of vitamin C supplementation in this setting.",0
"The upper limit for vitamin C is 2,000 mg.",0
A 2018 review found that elderberry supplements may help reduce upper respiratory symptoms caused by viral infections.,0
"This helps destroy sambunigrin, a compound found in elderberries that may cause cyanide poisoning.",0
Selenium is an essential mineral for immune health.,0
"This herb contains andrographolide, a terpenoid compound that may have antiviral effects against several respiratory disease-causing viruses.",0
"Licorice contains many substances, including glycyrrhizin, that may help protect against viral infections.",0
"B vitamins, including B12 and B6, are important for a healthy immune response.",0
"However, some foods, including bell peppers, fish, almonds, and citrus fruits, provide nutrients that may help strengthen your immune system.",0
"Beverages, such as green tea, that contain antioxidants may help boost the immune system.",0
"Research suggests that some supplements — like vitamin D, medicinal mushrooms, and elderberry — may help boost the immune system.",0
"Many supplements on the market may help improve immune health, such as zinc, elderberry, and vitamins C and D, among others.",0
Researchers say adequate sleep helps T cells in your body fight off infections.,0
"Yet, environmentally friendly packaging alternatives are becoming ever more widespread.",0
"Plastic food packaging poses innumerable environmental and public health risks, including accumulation in the oceans and disruption to your endocrine system.",0
Glass has a multitude of uses and benefits for daily life.,0
"Unless broken, these containers have a lifespan 3.5 times that of plastics and can be recycled when discarded, reducing the negative environmental impact of plastics (11).",0
Keep in mind that food containers made from bamboo or other plant fibers are less durable than glass or stainless steel and wear and tear more easily.,0
"In one study, rice husk was shown to have bio-adsorbent properties, which means that it absorbs pollutants from its surrounding environment (13).",0
"Gelatin films are filled with antimicrobial cellulose, which inhibits the growth of common pathogens that cause foodborne illness, including Staphylococcus aureus and E. coli.",0
"Instead, they break down into fragments known as micro- and nanoplastics that contaminate the environment and threaten natural ecosystems and human health (1, 2, 3, 8).",0
BPA not only accumulates in the environment but also migrates from food packaging to the food itself.,0
The widespread use of disposable takeaway containers contributes to large amounts of waste that leads to pollution and environmental toxins (19).,0
"It’s best to personally avoid — and work to phase out — single-use plastics, BPA-containing packaging, and takeaway containers due to their negative consequences for the environment and human health.",0
"PrimeWare is an American distributor that provides eco-friendly, disposable products to food service establishments.",0
"This manufacturer supplies resealable pouches to food companies that sell products like gourmet veggie sausages, tofu, and gummy vitamins.",0
"Petroleum-based food packaging accumulates in the environment and poses numerous health risks, including metabolic disorders and even cancer.",0
That’s because the thyroid destruction that happens during Hashimoto’s disease is intermittent.,0
"As a last ditch effort, I made an appointment with an infectious disease doctor because I live on the East End of Long Island, where ticks are abundant.",0
"Aside from having Raynaud’s syndrome, which reduces blood flow to the fingers and toes, and exercise-induced asthma as a kid, I was a healthy person with limitless energy.",0
"Although researchers are still unsure about the exact cause of Hashimoto’s, multiple factors, including genetic vulnerability and environmental triggers, are thought to be involved.",0
"Since I had been treating people with Hashimoto’s, I knew that anti-inflammatory supplements like fish oil and certain nutrients like zinc, selenium, and magnesium may be helpful.",0
"In general, taking certain supplements and following an anti-inflammatory, nutrient-dense diet may improve thyroid function, inflammation, and overall health.",0
"Being treated with medication, taking certain supplements, and adhering to a nutrient-dense diet did help me feel better over time.",0
"However, I quickly realized that letting myself rest when I needed to and showing myself compassion was much more important for my health.",0
"Just because something works for one person doesn’t mean it works for others, which is one reason why self-experimentation is so important.",0
This is important for everyone with a medical condition to keep in mind.,0
Share this article I'm a dietitian who keeps a garden and follows a nutrient-rich whole foods diet.,0
"Research shows that certain vitamins, minerals, and other nutrients may benefit people with certain thyroid conditions.",0
"This article explains how… High cholesterol levels can stem from your diet, especially if you eat foods high in saturated fats, like red meat and butter.",0
"Explore all there is to know about vitamins and supplements, including their benefits, signs of deficiencies, dosages, and so much more.",0
"Learn 12 ways that magnesium… Vitamin B complex includes B1, B2, B3, B5, B6, B7, B9, and B12.",0
"This article examines the… Consuming collagen may have a variety of health benefits, from relieving joint pain to… Zinc is a nutrient that plays many vital roles in your body.",0
This article explains… Several prescription antiviral drugs are available that can reduce the severity and… This is a detailed article about vitamin D and its health effects.,0
Vitamin D actually… Omega-3 fatty acids are incredibly important for your body and brain.,0
This article lists… Here are 11 science-based benefits of taking fish oil.,0
This article reviews the 7 best… Vitamin D deficiency is common in Western countries.,0
"Learn more about the symptoms and causes of vitamin D deficiency, as well as how to treat it.",0
"Nutrient deficiencies may occur with almost every nutrient, but some are more… If you're not getting enough iron, you may develop iron-deficiency anemia.",0
Here is… Magnesium is a very important nutrient that most people don't get enough of.,0
"Here are 4 folic… While fish oil has many health benefits to offer, more is not always better.",0
Learn 9 side… Vitamin E is a fat-soluble vitamin that can build up in your body if taken in excess… Probiotics are microorganisms that provide a health benefit when consumed.,0
Here's… Biotin is an essential vitamin that helps regulate energy metabolism and cellular function.,0
"If you’re concerned about the environment, you may wonder whether to continue eating meat.",0
Food production has environmental impacts because it uses water and land.,0
"However, there are many points to consider when evaluating the environmental impact of meat.",0
"This article examines the nuances of meat’s environmental footprint, then discusses tips for eating meat on an eco-friendly diet.",0
"Furthermore, raising livestock industrially leads to deforestation, soil erosion, freshwater contamination, and air pollution (1, 2).",0
"Beef is said to have a larger environmental impact than dairy, pork, fish, eggs, or chicken, but the footprint of these foods varies based on how they’re produced (3).",0
"Whole, minimally processed plant foods like vegetables, fruits, legumes, whole grains, and olive oil have among the lowest environmental impacts (3).",0
"Some plant foods, such as certain nuts and highly processed items, have much larger environmental impacts than other plant-based options.",0
"Plus, although beef is widely viewed as worse for the environment than other meats, some analyses suggest otherwise.",0
"Innovations like better breeding and feed additives help farmers use fewer cattle to feed more people and decrease environmental impacts (4, 5).",0
"Additionally, beef and other meats have health benefits.",0
Meat is very rich in protein and contains essential micronutrients.,0
"All food production has some degree of environmental impact, which largely depends on the production method.",0
Concentrated animal feeding operations (CAFOs) — known as feedlots in the beef industry — have many negative environmental effects (13).,0
Farmers who produce these types of meat aim to restore ecosystems and reduce environmental impacts on soil and water.,0
The environmental impact of meat is generally greater than that of plant foods.,0
Analyzing the environmental impact of meat is complicated.,0
"While some environmental advocates suggest that you should completely avoid meat and animal products to combat climate change, many other considerations support keeping animal products in eco-friendly diets.",0
"While it generally has a higher environmental footprint than plant foods, the full picture is more nuanced.",0
"While vegetarian and vegan diets tend to be more environmentally friendly, not everyone wants to give up eating meat altogether.",0
"This article explores the environmental and… When choosing a nonalcoholic alternative for a recipe, it can help to consider what the alcohol was meant to do originally.",0
"Experts have mixed reactions to these changes, with some arguing the… Studies show that ultra-processed meats and foods are associated with a higher risk of type 2 diabetes.",0
"At a minimum, most of my meals are balanced and include a grain, a protein, and vegetables or fruit.",0
"It also meant increasing prebiotic and probiotic foods like yogurt and having small amounts of fiber at any given time to support digestion, which may be impaired by thyroid disorders.",0
"Having him choose the fruit, vegetable, grain, and protein he wanted gave him autonomy while keeping him involved in his meal.",0
This is hilarious — but also indicative of the mountain of distress caused by diet culture that dietitians and nutritionists must address.,0
"Swapping ultra-processed foods with healthier… Recent research has shown surprising health benefits of coffee, including a reduction in AFib frequency and a decrease in the risk of heart disease…",0
"Because the varied and overlapping marketing of the term “food freedom” may lead to some confusion, context matters.",0
"They can be caused by any combination of biological, social, cultural, and environmental factors — not just by exposure to diet culture.",0
Even dieting among inherently lean individuals increases their risk of developing anorexia nervosa (7).,0
"The multibillion-dollar diet industry promotes the “thin ideal” with unhealthy weight management behaviors, potentially encouraging disordered eating patterns that can contribute to the development of eating disorders (7, 8).",0
"In particular, intuitive eating is associated with improved psychological well-being and physical health and fewer dietary restrictions (5, 10).",0
"They aim to remove prospects of guilt, shame, and negative emotions associated with consuming “forbidden” or “bad” foods.",0
"Although studies show that intuitive eating is associated with weight loss and a lower body mass index (BMI), at its core, intuitive eating is not a weight loss method (10).",0
This article reviews whether this diet works and its benefits and downsides.,0
"The GM diet claims to help you lose 15 pounds in just one week, among other benefits.",0
Some people may develop hemorrhoids when following a low fiber diet like the carnivore diet.,0
"While food cravings can have many causes, they can often indicate that deeper feelings and stressors that are lurking under the surface.",0
"At an 8-year follow-up, continued intuitive eating practices were associated with lower incidences of a number of disordered eating behaviors.",0
"This included lower odds of: According to Geneen Roth, author, speaker, and compulsive eating workshop leader, an intuitive approach to food cravings can transform them into a source of liberation.",0
"According to a 2020 review, food deprivation increases cravings for the foods being avoided when it comes to specific foods.",0
The study notes these cravings are a conditioned response brought about by learned cues rather than nutrient or energy deficiencies.,0
"“You begin the process of bringing yourself back to your body, to your belly, to your breath because they…are here now,” writes Roth.",0
"They sometimes mistrust the idea of intuitive eating because they’re afraid that if they eat whatever they want, they’ll lose a sense of control.",0
This helps to reinforce the idea that food isn’t such a big deal.,0
"“The cravings can feel really intense when you’re limiting them because you’re only allowed to eat dessert on the weekend,” says Elizabeth.",0
"Yes, it’s true that processed foods high in sugar and refined grains typically lack important vitamins and minerals.",0
"However, many nutrient-dense, fiber-rich foods can actually be very good for you.",0
"While low carb diets can be beneficial for some people, there’s no reason to avoid high carb foods altogether.",0
"Cooked quinoa contains 70% carbs, making it a high carb food.",0
"However, it’s also a good source of protein and fiber (1).",0
"Quinoa is rich in many minerals and plant compounds and has been linked to a variety of health benefits, including improved blood sugar management and heart health (2, 3).",0
Quinoa is also very filling since it’s relatively high in fiber and protein.,0
"Quinoa is also high in protein and fiber, so it may be useful for weight loss, as both of these nutrients can help keep you feeling full for longer.",0
"Oats are an incredibly healthy whole grain and a great source of many vitamins, minerals, and antioxidants.",0
"A 1-cup (81-gram) serving contains 54 grams of carbs, including 8 grams of fiber.",0
"They are particularly high in a specific type of fiber called oat beta glucan (6, 7).",0
Oats are also a relatively good source of protein and contain more protein than most grains (8).,0
"Oats contain many beneficial nutrients, including fiber and protein.",0
Studies have also shown that eating oats lowers blood sugar and cholesterol levels.,0
"Raw buckwheat contains 75 grams of carbs, while cooked buckwheat groats contain about 19.9 grams of carbs per 100-gram serving (15, 16).",0
"Buckwheat is very nutritious, containing both protein and fiber.",0
It also has more minerals and antioxidants than many other grains (17).,0
"Additionally, studies in humans and animals suggest that it may be particularly beneficial for heart health and blood sugar regulation (18, 19).",0
Buckwheat is highly nutritious and contains more antioxidants and minerals than many grains.,0
"One large banana (136 grams) contains about 31 grams of carbs, either in the form of starches or sugars (20).",0
"Bananas are also high in potassium and vitamins B6 and C, and they contain several beneficial plant compounds (20).",0
"This transforms into natural sugars as the bananas ripen, turning yellow in the process.",0
"Bananas are high in potassium, a mineral that plays a key role in regulating blood pressure.",0
"One-half cup (100 grams) of mashed, cooked sweet potatoes with their skin on contains about 20.7 grams of carbs, which consists of starch, sugar, and fiber (25).",0
"Sweet potatoes are also a rich source of vitamin A, vitamin C, and potassium (25).",0
"What’s more, they’re packed with antioxidants, which are compounds that help neutralize harmful free radicals in your cells to protect you against chronic disease (26, 27).",0
"Sweet potatoes are an excellent source of vitamin A, along with several other vitamins, minerals, and antioxidants.",0
"While they aren’t considered high in carbs overall, they do have a lot for a non-starchy vegetable.",0
"Raw and cooked beets contain about 10 grams of carbs per 100 grams, mainly from sugar and fiber (28, 29).",0
"They’re also packed with vitamins and minerals, along with powerful antioxidants and plant compounds (30).",0
"Beets are also high in inorganic nitrates, which are converted into nitric oxide in your body.",0
"Nitric oxide lowers blood pressure and may decrease the risk of several diseases (31, 32).",0
"Beet juice is also very high in nitrates, and athletes sometimes use it to enhance their physical performance (33, 34, 35).",0
"That’s because nitric oxide relaxes your blood vessels, allowing oxygen to flow more efficiently during exercise.",0
"Beets are loaded with vitamins, minerals, and plant compounds.",0
Oranges are also a good source of fiber (36).,0
"Oranges are especially rich in vitamin C, potassium, and some B vitamins.",0
"In addition, they contain citric acid, as well as several potent plant compounds and antioxidants (37).",0
"They may also increase the absorption of iron from other foods you eat, which may help protect against iron deficiency anemia (38, 39, 40, 41).",0
They also contain high amounts of vitamin C and other healthy plant compounds.,0
Eating oranges may benefit heart health and increase iron absorption to help prevent anemia.,0
Blueberries are frequently marketed as a superfood due to their rich content of antioxidants.,0
"Blueberries also contain high amounts of many vitamins and minerals, including vitamin C, vitamin K, and manganese (42).",0
"Studies have shown that blueberries are a good source of antioxidant compounds, which can help protect your body against damaging free radicals.",0
"They contain many vitamins, minerals, and antioxidants, and they can help protect against oxidative damage.",0
"It contains about 8% carbs and is rich in a variety of vitamins, minerals, and antioxidants (45).",0
"Grapefruit contains many beneficial vitamins, minerals, and antioxidants.",0
"Apples also boast many vitamins and minerals, but usually only in small amounts.",0
"However, they are a good source of vitamin C, antioxidants, and fiber (55).",0
"Apples may also offer several health benefits, including improved blood sugar management and heart health (56, 57).",0
Early research suggests that adding apples to your diet may even be associated with a reduced risk of certain types of cancer.,0
"Apples contain a decent amount of vitamin C, antioxidants, and plant compounds.",0
"Cooked kidney beans contain about 21.5 grams of carbs per 100 grams, in the form of starches and fiber.",0
This legume is also high in protein (62).,0
"Kidney beans are a good source of many vitamins, minerals, and plant compounds.",0
"They’re also rich in antioxidant compounds, including anthocyanins and isoflavones (63).",0
"Their numerous health benefits include improved blood sugar regulation and a reduced risk of colon cancer (64, 65).",0
"Kidney beans contain many vitamins, minerals, and antioxidants.",0
Cooked kidney beans are also a good source of protein and have been linked to several health benefits.,0
"Cooked chickpeas contain 27.4 grams of carbs per 100-gram serving, along with almost 8 grams of fiber.",0
They’re also a good source of plant-based protein (66).,0
"Chickpeas contain many vitamins and minerals, including iron, phosphorus, and B vitamins (66).",0
"Not only have chickpeas been linked to improved heart and digestive health, but some test-tube studies suggest they may also help protect against certain types of cancer.",0
Chickpeas are an excellent source of plant-based protein and contain many vitamins and minerals.,0
"Eating chickpeas has been linked to benefits for heart and digestive health, as well as potential cancer prevention.",0
"In fact, many of the healthiest foods are high in carbohydrates.",0
"This will boost your intake of important nutrients, including fiber, vitamins, and minerals.",0
"Here’s our process If you’ve discovered you have a vitamin D deficiency, you’re not alone.",0
It’s particularly common among: Breastfed infants and children with certain medical conditions are also susceptible to vitamin D deficiency.,0
"To choose the products on this page, we considered all the vitamin D supplements that passed our vetting process.",0
"Many benefits of vitamin D It helps with calcium absorption, bone health, immune function, and disease prevention.",0
Vitamin D is an essential nutrient that plays a key role in many aspects of health.,0
"Because vitamin D is found naturally in very few food sources and is mostly obtained through sun exposure, many people have an increased risk of deficiency.",0
Vitamin D supplements can help ensure that you’re getting the amount of vitamin D you need.,0
They come in two forms: vitamin D2 and vitamin D3.,0
"While both forms can increase blood levels of vitamin D, vitamin D3 can raise vitamin D levels higher and for longer than vitamin D2.",0
"Before you decide on a vitamin D supplement, getting your nutrient levels checked is wise.",0
"A blood test is the only way to find out whether you are deficient, insufficient, sufficient, or optimal in any nutrient.",0
At-home testing kits may also be useful to measure your vitamin D levels.,0
"Certain medications may interfere with the absorption of vitamin D or calcium, including: In turn, vitamin D may reduce the potency of other medications, such as statins.",0
If you get a solid amount of vitamin D and supplement with vitamin D you may be at risk for vitamin D toxicity or vitamin D overdose.,0
The main side effect of vitamin D toxicity is a surplus of calcium in the bloodstream (hypercalcemia).,0
Vitamin D3 is typically better absorbed and used by the body than vitamin D2.,0
"Keep in mind, vitamin D is a fat-soluble vitamin, so it requires dietary fat in order to be full absorbed.",0
It’s a good idea to take your vitamin D with a meal containing healthy fats.,0
"The best strength of vitamin D can vary based on individual needs and levels, and it’s possible to overdo it.",0
The products above are among the best vitamin D supplements on the market and suit a wide variety of needs.,0
"Just keep in mind that for optimal absorption, it’s best to take vitamin D supplements with a meal containing fat, such as olive oil or peanut butter.",0
"It's important to get enough vitamin D. Try safely getting some sunlight, eating foods rich in vitamin D, or taking supplements.",0
Vitamin D is involved in bone health and your immune system.,0
You may be wondering about vitamin D benefits and how much you need.,0
Learn more about… Vitamin D is involved in bone health and your immune system.,0
"This is hard to quantify, but planning helps save you money for many reasons.",0
Making a grocery list helps you avoid impulse purchases that add up.,0
You’re more likely to use what you buy and what you already have on hand — which helps cut back on costs more.,0
"Those foods may seem expensive, but there are ways to stretch your dollar and still get your fill of the nutrition that produce provides.",0
"Choosing frozen, canned or dried fruits and vegetables is a great way to save money and still get vitamins, minerals, fiber and antioxidants into your diet.",0
"This way, I’m not adding lots of extra foods just because they’re on sale.",0
"Protein-rich foods like meat, poultry and seafood tend to be some of the more expensive foods on our plates.",0
"It’s true that many plant-based proteins, like beans and tofu, are cheaper than meat.",0
Choosing less expensive cuts of meat helps too.,0
"Since protein is pricey, if you have the freezer space, it may make sense to stock up when it’s on sale.",0
"With proteins, it doesn’t have to be all or nothing, but rather little things can help you save over time.",0
Taking inventory also helps you use up foods before they do spoil.,0
"Even if you’re not cooking for a crowd, you may find that it makes sense to buy certain staple foods in bulk because of the significant cost savings.",0
"Some nutrient-dense foods can be really expensive, yet many healthy foods are actually quite affordable.",0
"The dietitian must also continue their professional development by completing continuing education credits, which helps them keep up with the ever-evolving field.",0
"In hospitals, they treat a range of people, such as those who are clinically malnourished, as well as those who require nutrients via feeding tubes.",0
"However, because uncredentialed nutritionists typically lack the expertise and training for medical nutrition therapy and nutrition counseling, following their advice could be considered harmful (9).",0
"Nonetheless, those without credentials or licensure may pursue approaches to nutrition that are outside the scope of traditional medicine.",0
Learn how to choose foods… Eating out is linked to poor food choices and overeating.,0
"And while cultural competency is not a panacea for health disparities, more thorough communication with the client promotes better health outcomes (3).",0
Below are some real-life scenarios that observe the breakdown in communication that cultural barriers can cause due to inadequate or inappropriate cultural competence.,0
"The dietitian couldn’t find comparable ingredients in the institutional nutrient analysis software, and the calorie count was foregone — using Ensure supplement intake to estimate overall intake.",0
Change is required at both institutional and individual levels — and there’s evidence that this reduces health disparities (1).,0
"Certain foods, especially those high in potassium and magnesium, may help lower blood pressure.",0
"They’re loaded with vitamins, minerals, and plant compounds, that could help keep your heart healthy by reducing risk factors for heart disease like high blood pressure.",0
The researchers found that eating roughly 530 to 600 grams of fruit per day (about four oranges) was beneficial for blood pressure management.,0
"Fatty fish are an excellent source of omega-3 fats, which have significant heart benefits.",0
"These leafy greens are a source of nutrients such as potassium and magnesium, which support optimal blood pressure levels.",0
"Spinach is a leafy green high in a plant-based compound known as nitrate, which may lower blood pressure.",0
"It’s also loaded with antioxidants, potassium, calcium, and magnesium, which can support heart health.",0
"Legumes are rich in nutrients that may help regulate blood pressure, such as magnesium and potassium.",0
"Berries offer impressive health benefits, including the potential to reduce heart disease risk factors like high blood pressure.",0
"Berries are a rich source of antioxidants, including anthocyanins, which are pigments that give berries their vibrant color.",0
Studies show that diets rich in whole grains may decrease your likelihood of high blood pressure.,0
Amaranth is a whole grain that’s particularly high in magnesium.,0
One cooked cup (246 grams) provides 160 mg of magnesium.,0
"The oil from the olive tree’s fruit has numerous health benefits, including lowering blood pressure and other risk factors for heart disease.",0
"Carrots are high in plant-based compounds that may be involved in various health processes, such as managing blood pressure.",0
Not only are eggs nutrient-dense but research also suggests that they can be part of a balanced eating plan for blood pressure management.,0
"Tomatoes and tomato products are rich in many nutrients, including potassium and the carotenoid pigment lycopene.",0
"Lycopene has been significantly linked with beneficial effects on heart health, and eating foods high in this nutrient may help reduce heart disease risk factors like high blood pressure.",0
Research suggests consuming tomato and tomato products improves blood pressure and may help reduce your chance of heart disease and dying from heart disease.,0
"Broccoli is loaded with flavonoid antioxidants, which may help lower blood pressure by enhancing blood vessel function and increasing nitric oxide levels in your body.",0
"Yogurt is a nutrient-dense dairy product packed with minerals, including potassium and calcium, that may help regulate blood pressure.",0
A baked medium potato (173 grams) with the skin contains 926 mg of potassium.,0
This is 20% of your daily requirement and more than a medium banana provides.,0
"Kiwifruit is exceptionally high in vitamin C and contains other nutrients involved in blood pressure regulation, including fiber, potassium, and magnesium.",0
Kiwifruit also containes various plant-based polyphenols and antioxidant compounds.,0
Research from scientists in China supports varying your protein sources to lower the chance of developing high blood pressure.,0
"But, having a diet rich in foods with certain nutrients (like potassium) may help lower or maintain healthy blood pressure over the long term.",0
"Bananas are a source of potassium, a mineral involved in maintaining blood pressure.",0
"If you don’t like bananas, you may enjoy other foods that are high in potassium, such as kiwifruit.",0
"If you have high blood pressure, consider significantly limiting or avoiding foods high in sodium, added sugars, and saturated fat.",0
"This article takes a look at seven home remedies for high blood pressure, including… Foods that are rich in potassium, magnesium, and calcium can help lower blood pressure.",0
"It’s been incredible to watch this cohort become the top nutrition source of information on the internet, evolve, and reach many millions of people every month.",0
This article provides a helpful guide for healthy eating… Healthy eating doesn't have to be time-consuming or expensive.,0
Drain the can and pop the little legumes into soups or stews for extra protein and fiber.,0
"One cup of the cooked beans contains 12.5 grams of fiber, 14.5 grams of protein, and just 4 grams of fat.",0
"They’re also quite high in manganese, which supports bone health, and folate, a B vitamin that helps create new cells and form DNA.",0
"Keep boneless, skinless chicken breasts on hand as a protein to build dinner around.",0
"The high-quality complete protein in this poultry choice can support your immune system, help you build muscle, and promote wound healing.",0
"Because it’s already cooked, it arrives ready for insertion into wraps (try a salmon-kale combo), salads, and pastas.",0
"Just like fresh salmon, smoked salmon contains plenty of omega-3 fatty acids, known for their benefits for heart and brain health.",0
"It’s also got vitamins A and E, antioxidants that work to combat inflammation.",0
"Pressing the liquid out of extra-firm tofu gets it ready for delightfully crispy pan-frying, making it the perfect protein for stir fries, curries, and Asian noodle dishes.",0
"Though still dogged by myths that it’ll alter your hormones, research shows that tofu is actually potentially beneficial for preventing hormone-related cancers like breast cancer.",0
"Meanwhile, it’s got plenty of plant-based protein (17 grams per 3.5-ounce serving) and over 50% of the Daily Value of calcium.",0
Cooked lentils can be a companion to next-day sautéed greens or serve as a high-fiber topping for baked sweet potatoes.,0
"As a member of the pulse family, lentils have health benefits galore.",0
"Their mix of fiber and antioxidants make them a friend to heart health, and they’re surprisingly high in protein at 46 grams per cup (dried).",0
"Whole wheat spaghetti has a sizable dose of fiber, which helps regulate digestion, may promote healthy weight maintenance, and can help reduce cholesterol.",0
Take your pick of quinoa’s numerous health benefits!,0
"Its fiber helps keep you full, can promote weight loss, and promotes healthy bowel movements.",0
"Then there’s its substantial protein content, its anti-inflammatory flavonoids, and its high levels of magnesium, manganese, copper, and other micronutrients.",0
"In under 2 minutes in the microwave, quick-cooking oats become a palette for morning add-ins like sliced banana, peanut butter, blueberries, pepitas, or protein powder.",0
"Their soluble fiber has been linked to reduced cholesterol, while their beta glucan can help stabilize blood sugar.",0
"Meanwhile, diets rich in whole grains (like oats) may lower the risk of colorectal cancer.",0
"Because it’s made by simmering animal bones, it contains collagen, glucosamine, and chondroitin,which could reduce joint pain.",0
"Other potential benefits include improvements in digestive health, sleep, and brain function.",0
"The ample potassium in sweet potatoes keeps nerves and muscles firing properly, while their soluble fiber helps lower cholesterol and steady blood sugar.",0
"Spinach is famous for its high levels of iron, the mineral that helps oxygenate blood.",0
"But it’s also quite high in fiber and the antioxidants lutein and zeaxanthin, which support eye health.",0
Use your senses to assess whether they’re still good for use.,0
"They contain the antioxidant lycopene, famous for its role in reducing the risk of heart disease and cancer.",0
It’ll stay good for up to 2 years.,0
"Apples have long been a lunchbox staple, but lunch isn’t the only meal they’re good for.",0
"Vitamins C, potassium, fiber, and antioxidants like quercetin, catechin, and chlorogenic acid mean apples are a boon for overall health.",0
"When you have healthy tools at your disposal, you can toss together meals that require minimal effort and fill you up with wholesome nutrients.",0
"Although layering isn’t required, it helps ensure that you’re maintaining the right balance of green and brown materials to optimize the decomposition process.",0
"To do so, use a shovel or pitchfork to turn and rotate the materials, which helps distribute air and moisture evenly.",0
"Then, strain the mixture and spray it onto plants to supply beneficial nutrients and enhance the growth of your garden.",0
"Alternatively, composting kitchen appliances can turn food scraps into a nutrient-rich fertilizer in just a few hours.",0
"Composting is a simple, effective way to fight food waste and reduce your environmental impact.",0
"It also promotes plant growth by enriching soil, preventing erosion, and reducing the need for synthetic fertilizers in your garden.",0
This not only saves room until you’re ready to empty your scraps into a compost bin but also helps the food decompose faster.,0
"This principle pairs food groups strategically so that meals provide a complement of essential nutrients through two-, three-, or four-mix combinations.",0
"The multi-mix principle uses four of the six Caribbean food groups to build nutritionally balanced meals with numerous essential nutrients through two-, three-, or four-mix combinations.",0
This means that you don’t need to eat meat to get quality protein.,0
"Furthermore, legumes are a rich source of fiber and health-promoting compounds like antioxidants that may improve blood sugar, blood pressure, and cholesterol levels (8, 9, 10).",0
"Ground provisions are underrated sources of complex carbs — dietary fiber and starches — and essential nutrients that may lower blood sugar and cholesterol levels (11, 12, 13).",0
"A two-mix is the simplest and most affordable combination, pairing grains like rice with legumes or meat to form a complete protein.",0
"Although these foods are high in calories, their fats play important roles in body temperature regulation and absorption of the fat-soluble vitamins A, D, E, and K (16).",0
"Also called “zaboca” in the Caribbean, avocado is rich in monounsaturated fats, which may lower LDL (bad) cholesterol and help reduce your risk of heart disease (17, 18).",0
"Low fruit intake is associated with an increased risk of gut health issues like constipation, as well as chronic diseases like certain cancers (9, 19).",0
"For instance, the West Indian cherry, also called acerola, packs 22 times more vitamin C per 1 cup (98 grams) of fruit than kiwi (20, 21).",0
Try this today: Enjoy a two-mix snack of whole grain crackers and peanut butter for a filling treat and complete protein that provides the nine essential amino acids.,0
I was writing my master’s thesis on the environmental impacts of the standard American diet when I suddenly realized that my food choices didn’t reflect my personal ethics or values.,0
This was particularly ironic because I’m a dietitian — someone who had dedicated herself to teaching others about the importance of nutrition.,0
"Through my research, I became uncomfortably aware of social, ethical, and environmental issues that I had never considered.",0
"Through my food choices, I was supporting industrial animal agriculture while calling myself an environmentalist or an animal lover.",0
"The environmental impacts of meat were also highlighted in a 2018 editorial by The Lancet, one of the most respected medical journals in the world (2).",0
"If we don’t take drastic action to treat the environment differently, we’re looking at a future of more intense climate change (3).",0
"Plus, the Amazon rainforest plays a significant role in regulating climate because its trees absorb CO2 from the atmosphere.",0
"Although a plant-based diet still requires natural resources, its environmental impacts are smaller.",0
"Plus, growing plants for human consumption results in a much larger yield.",0
"In addition to saving animals and helping reduce many of the current stresses on the environment, a plant-based diet can do wonders for long-term health (22).",0
"Plenty of evidence shows that eating a predominantly whole-foods, plant-based diet supports healthy weight loss, protects brain health, boosts immunity, and reduces inflammation (23, 24, 25, 26).",0
"Healthy plant-based diets are also associated with a lower incidence of overweight and obesity in children (33, 34).",0
These are benefits that can serve kids now and for life.,0
"One study compared energy and macronutrient intake, as well as growth, in 1–3-year-old vegan, vegetarian, and omnivorous kids in Germany.",0
The researchers found that an omnivorous diet included more protein and added sugar while a vegan diet boasted more carbs and fiber.,0
"While animal products are one way to get important nutrients for kids, they’re certainly not the only, or necessarily the best, ones out there.",0
My kids enjoy a fiber-rich diet full of disease-fighting antioxidants from plants.,0
"They get fat from avocados, nuts, seeds, and olive oil; protein from tofu, seitan, and beans; and a wide array of vitamins and minerals from fruits and vegetables.",0
They also know that not eating animals helps keep nature beautiful so we can all continue to enjoy playing outside.,0
Here’s our process We re-evaluated the best multivitamins for men with the help of registered dietitian Kelli McGrane.,0
"You don’t have to spend a lot to support your diet, and you likely don’t need a vitamin with the highest percentage daily values (DV).",0
"That’s because a multivitamin is a support system, not a replacement system.",0
"If the DV percent for an ingredient is less than 100, that’s a nutrient you can be more diligent about consuming through food.",0
"Some people may have larger nutrient gaps in their diet and prefer a more comprehensive vitamin, but the majority of people can benefit from a vitamin that covers the basics.",0
"“Budget-friendly vitamins are more than up to the task of helping you crush your nutrient needs for the day,” says Kelli McGrane, MS, RD.",0
Our team has vetted over 100 products to determine the best multivitamin for men.,0
"We narrowed down the best multivitamins for men with our expert recommendations from registered dietitians Kelli McGrane, MS, RD, and Ellen Landes, MS, RDN, CPT.",0
"We looked at ingredients, nutrients each vitamin offers, third-party testing, and price.",0
"To choose the products on this page, we considered all the multivitamins that passed our vetting process.",0
"When choosing a multivitamin, it’s important to pay attention to the nutrients it contains.",0
Micronutrient needs are highly personal and vary by age and sex.,0
Chronic health conditions and medications can also affect micronutrient needs.,0
"Multivitamins aren’t necessary for everyone, but if you’re unable to meet your nutrient needs through diet alone, a multivitamin could be a good idea.",0
It’s wise to talk with a healthcare professional about whether you could benefit from taking a multivitamin.,0
"Depending on your needs, they may advise you to take a single-nutrient supplement instead.",0
"Several multivitamins for men may contain other vitamins, minerals, herbs, or antioxidants that could be beneficial for prostate health.",0
"These two substances may help support prostate health and manage urinary tract symptoms associated with benign prostate hyperplasia, or enlargement of the prostate gland.",0
"Though supplementing with certain nutrients and plant compounds may benefit prostate health, taking high doses of vitamin E may have the opposite effect.",0
Some nutrients and herbs may not be recommended for certain people or may have negative interactions with medications.,0
Earlier research from 2019 suggests that taking high doses of supplemental vitamin E may significantly increase the risk of prostate cancer in healthy men.,0
"If you have questions about the safety of vitamin E supplements, consult a healthcare professional, like a doctor or dietitian, for advice.",0
"Research on the effectiveness of multivitamins is mixed, though they’re unlikely to cause harm in healthy people.",0
A doctor may recommend a single vitamin rather than a multivitamin if a multivitamin contains nutrients you don’t need.,0
"Remember, multivitamins are not meant to replace a balanced diet, and not everyone will need a multivitamin.",0
There are 13 essential vitamins and 7 main minerals adults need to get from their diets.,0
Multivitamins designed for men and women typically differ in the types and quantity of nutrients they contain.,0
"For example, multivitamins for men may contain higher levels of selenium to support sperm health, and multivitamins for women may contain higher levels of iron to support menstrual health.",0
There’s no best time of day to take your multivitamin.,0
"Also, it’s USP-verified, gluten-free, widely available, and easy to take, with mineral forms adequate for most men.",0
"Given the wide variety of high quality multivitamins to choose from, you’re likely to find something that works for you.",0
Multivitamins are the world's most popular dietary supplements.,0
This article takes a detailed look at the health effects of multivitamins.,0
"Everything you need to know about protein from plants: how to make it, eat it, and love it.",0
Discover 20… Ketosis is a metabolic state that can be caused by a low-carb or ketogenic diet.,0
"They’re high in both protein and fiber, two nutrients known for helping maintain a healthy weight.",0
They’re also rich in antioxidants and may promote blood sugar control.,0
Add a little chicken to one of the dishes below for a bit of added protein.,0
"Rotisserie chicken does tend to contain more sodium than straight-up chicken breasts or thighs, but its protein content is the same as any other chicken.",0
A 3-ounce serving of the meat contains 24 grams of protein for building strong muscles and supporting your immune system.,0
Frozen meatballs aren’t necessarily brimming with antioxidants or healthy fats—but they are an excellent source of: Just read labels to be sure you know what you’re getting.,0
Another easy protein to the rescue: canned tuna!,0
"Besides its noteworthy protein content, canned tuna shines for its omega-3 fatty acids.",0
"These healthy fats have been linked to health benefits galore, from reduced risk of cardiovascular disease to better sleep.",0
"It provides more fiber than the refined variety, helping optimize digestion, keeping you full, and feeding the healthy bacteria in your gut.",0
Sourdough contains live and active cultures that promote gut health and may be easier to digest than regular bread because of the fermentation process.,0
"Each type of tortilla—flour, corn, spinach, etc.—comes with its own nutrient profile, so they’re somewhat difficult to compare.",0
Tortillas alone are a good source of a few nutrients like B vitamins.,0
"Plus, their hand-held convenience can help you pack in more nutrients from veggies, beans, and lean proteins.",0
Choose a whole-grain or corn tortilla to add even more fiber to your plate.,0
"With tomatoes as its first ingredient, marinara sauce features some of their health benefits, like ample amounts of the antioxidant lycopene.",0
Lycopene helps quell inflammation—which may be why it’s been linked to reduced risk of certain cancers and improved vascular health.,0
These veggies can stay good for up to 3 weeks.,0
"Artichokes are high in inflammation-fighting polyphenols, high in fiber, and low in fat.",0
Including garlic in your diet could come with a host of health benefits.,0
"Depending on your blend, you’ll find a mix of nutrients like: All these nutrients have a major impact!",0
Some research has shown that vegetable consumption is inversely related to death from any cause.,0
Tahini (sesame paste) provides healthy fats while the chickpea base comes packed with fiber and protein.,0
"People who eat more plant-based protein may have a longer life expectancy, according to 2019 research.",0
"They have plenty of potassium, the mineral that helps your muscles and nerves contract properly, and their resistant starch might improve blood sugar control, according to a 2021 study.",0
A quarter-cup serving contains 15 percent of the Daily Value.,0
This mineral supports: The cheese also contains a moderate amount of protein.,0
"It offers ample protein, calcium, and gut-friendly probiotics to name a few.",0
Vitamin D is a fat-soluble vitamin that plays a number of critical roles in your body.,0
"Also, some research shows that having healthy levels of vitamin D can help keep your immune system healthy and may protect against respiratory illnesses in general.",0
This article explains how vitamin D affects immune health and how supplementing with this nutrient may help protect against respiratory conditions.,0
Vitamin D is necessary for the proper functioning of your immune system — which is your body’s first line of defense against infection and disease.,0
This vitamin plays a critical role in promoting immune response.,0
"Vitamin D is known to enhance the function of immune cells, including T cells and macrophages, that protect your body against pathogens (2).",0
"In fact, the vitamin is so important for immune function that low levels of vitamin D have been associated with increased susceptibility to infection, disease, and immune-related disorders (3).",0
"What’s more, vitamin D deficiency has been linked to decreased lung function, which may affect your body’s ability to fight respiratory infections (8, 9).",0
A deficiency in this nutrient may compromise immune response and increase your risk of infection and disease.,0
Few studies have investigated the effect of vitamin D supplements or vitamin D deficiency on the risk of contracting COVID-19.,0
"Still, studies have shown that vitamin D deficiency may harm immune function and increase your risk of developing respiratory illnesses (10).",0
"Additionally, some studies have indicated that vitamin D supplements can enhance immune response and protect against respiratory infections overall.",0
The protective effect was strongest in those with low vitamin D levels (11).,0
"Vitamin D supplements have also been shown to reduce mortality in older adults, who are most at risk of developing respiratory illnesses like COVID-19 (13).",0
"What’s more, vitamin D deficiency is known to enhance a process known as the “cytokine storm” (14).",0
Cytokines are proteins that are an integral part of the immune system.,0
This dysregulated and excessive release of cytokines leads to severe tissue damage and enhances disease progression and severity (17).,0
"In fact, it’s a major cause of multiple organ failure and acute respiratory distress syndrome (ARDS), as well as an important factor in the progression and severity of COVID-19 (17).",0
Vitamin D deficiency has been associated with reduced immune function and may enhance the cytokine storm.,0
"Currently, multiple clinical trials are investigating the effects of vitamin D supplementation (at dosages up to 200,000 IU) in people with COVID-19 (19, 21).",0
"Although research in this area is ongoing, it’s important to understand that taking supplemental vitamin D alone can’t protect you from developing COVID-19.",0
"However, being deficient in vitamin D may increase your susceptibility to overall infection and disease by harming immune function.",0
"This is especially worrisome given that many people are deficient in vitamin D, especially older individuals who are most at risk of developing serious COVID-19-related complications (22).",0
"For these reasons, it’s a good idea to have your healthcare provider test your vitamin D levels to determine whether you have a deficiency in this important nutrient.",0
"Depending on your blood levels, supplementing with 1,000–4,000 IU of vitamin D per day is typically sufficient for most people.",0
"Though recommendations on what constitutes an optimal vitamin D level vary, most experts agree that optimal vitamin D levels lie between 30–60 ng/mL (75–150 nmol/L) (24, 25).",0
"Though research continues, evidence that vitamin D supplements reduce the risk of developing COVID-19 is still limited.",0
Having healthy vitamin D levels can enhance immune health and may be helpful in people with COVID-19.,0
"Vitamin D plays many important roles in your body, including promoting the health of your immune system.",0
"Scientific research suggests that supplementing with vitamin D may protect against respiratory infections, especially among those who are deficient in the vitamin.",0
Recent research indicates that sufficient vitamin D levels may help people with COVID-19 avoid adverse outcomes.,0
"Still, we don’t know whether taking vitamin D supplements reduces your risk of developing COVID-19 as a result of contracting the coronavirus.",0
Talk to your doctor about supplementing with vitamin D to enhance your overall immune response.,0
"For example, people who eat a lot of processed and red meats may have higher levels of interleukin-6 (IL-6), C-reactive protein (CRP), and homocysteine.",0
"Gluten is a group of proteins in wheat, barley, rye, and other cereals.",0
"Tip: Use olive oil as an example of an oil that is low in omega-6 FA, while increasing fatty fish intake to help optimize omega-6 to omega-3 ratio.",0
Cutting back on salt may be good for people with arthritis.,0
"Foods high in salt include shrimp, canned soup, pizza, certain cheeses, processed meats, and numerous other processed items.",0
Dietary advanced glycation end products (AGEs) are molecules created through reactions between sugars and proteins or fats.,0
"Foods that are high in AGEs include: When AGEs accumulate in high amounts in your body, oxidative stress and inflammation may occur.",0
Oxidative stress and AGE formation are linked to disease progression in people with arthritis.,0
"It’s true that red wine contains resveratrol, an antioxidant that may have health benefits.",0
"Sodas and other sweetened drinks contain sugar, aspartame, and phosphoric acid, which can also affect the body’s ability to absorb calcium, which is necessary for bone health.",0
"According to the Arthritis Foundation (AF), it’s not clear whether coffee is good for people with arthritis or not.",0
"On the one hand, it contains antioxidants that may help reduce inflammation.",0
"If you can tolerate milk, it is a good source of vitamin D and calcium.",0
"It’s worth noting that excessive salt intake has also been associated with a higher risk of developing rheumatoid arthritis, especially in those who smoke.",0
A balanced diet that provides a range of antioxidants and other nutrients is most likely beneficial for anyone with arthritis.,0
"11 evidence-based health benefits of bananas Some people say that eggplants, tomatoes, potatoes, and peppers seem to worsen arthritis pain and inflammation.",0
"However, there is no scientific evidence to confirm this, and these foods offer a range of essential nutrients.",0
"Besides making mealtimes an enjoyable experience, taking pleasure from food also has significant benefits for health.",0
"Savoring food supports digestion, can help improve your relationship with food, can help overcome disordered eating and more.",0
"In some cases, getting enough “vitamin P” (or perhaps vitamin mmmm) is just as important as the contents of your plate.",0
"“Dopamine is often referred to as the ‘feel good hormone’ because it activates the reward pathways in the brain, which helps to promote happiness, calmness, motivation, and focus,” she says.",0
"When brain chemistry is working properly, however, our enjoyment of food can lead to physical benefits.",0
Choosing to mindfully enjoy what you eat helps break this harmful mentality.,0
"Turning to food to deal with difficult emotions like stress, anger, or sadness often results in mindless consumption and creates a fraught relationship with food.",0
Older adults tend to experience increases in fat mass and decreases in bone density and muscle mass.,0
"Older adults are also more likely to have some health conditions that may cause a loss of muscle mass and function, such as sarcopenia.",0
Doing so may increase your risk of nutrient deficiencies and losing muscle mass rather than fat mass.,0
A 2020 review of 121 studies examined the weight loss effects of 14 popular diets with different macronutrient ratios.,0
"Here’s our process Omega-3 fatty acids play an important role in supporting heart, eye, and brain health, and in lowering inflammation and cholesterol, among other benefits.",0
"But if you don’t eat these foods often, omega-3 supplementation through fish oil is an easy and helpful way to increase your intake of this essential nutrient.",0
"To choose the brands on this page, we considered all the vitamin brands that passed our vetting process.",0
Omega-3s are also important for brain health and may support proper neurological development during infancy and childhood.,0
"According to a 2021 study, higher blood levels of DHA could be linked to lower LDL (bad) cholesterol levels.",0
"Its Ultimate Omega supplement third-party tested and Friend of the Sea certified, and it also provides a COA for all products on its website.",0
"If reducing inflammation is your goal, look for a fish oil supplement that contains a good amount of DHA in each serving.",0
"Thorne’s Omega-3 contains CoQ10, and a 2023 study found that higher blood levels of this compound could be linked to improved cognitive function.",0
"Research from 2022 suggests that CoQ10 may be beneficial for the treatment of PCOS by improving insulin resistance, balancing hormone levels, and improving lipid levels.",0
"For best results, try taking the supplement alongside a balanced diet to help maximize its potential benefits.",0
Here are 11 science-based benefits of taking fish oil.,0
It is rich in omega-3 fats that are very important for your body and brain.,0
"Meet our team of vitamin, mineral, and supplement testers.",0
The number describing a low vitamin D level may vary between individuals.,0
"Learn about the brand's supplements, how they work, and the pros and… Our dietitian and her toddler put Hiya vitamins to the test.",0
Learn more about Hiya vitamins and whether they're worth considering for your kid.,0
"Daily Harvest offers tasty, nutrient-dense vegan meals and snacks.",0
"This article provides a detailed review of Sunbasket from… Green Chef impressed us with its range of recipe options, the ease of cooking, and the final flavors.",0
"We tried 12 entrees to see whether… Factor is a meal-delivery service that provides healthy, tasty, and easy-to-make meals.",0
"However, it’s been adjusted for Asian populations, because it underestimates obesity in this group (1).",0
"Accurate measures of excess body fat or obesity are important for screening tests, such as for type 2 diabetes.",0
Body impedance analysis (BIA) provides detailed information on body composition and can serve as a complementary measurement to the BMI.,0
"Plus, studies indicate that structural racism specifically leads to higher BMIs among Black women, potentially making the BMI an unfair metric for this population.",0
Getting in touch with your body has plenty of benefits.,0
"Eventually, damage to this gland leads to insufficient thyroid hormone production.",0
"Plus, these changes may help slow or prevent thyroid damage caused by elevated thyroid antibodies and manage body weight, blood sugar, and cholesterol levels.",0
"In a 6-month study of 34 women with Hashimoto’s thyroiditis, a gluten-free diet reduced thyroid antibody levels while improving thyroid function and vitamin D levels, compared with a control group.",0
"In a 10-week study of 16 women with Hashimoto’s thyroiditis, the AIP diet significantly improved quality of life scores and significantly decreased levels of the inflammatory marker C-reactive protein (CRP).",0
"As such, an anti-inflammatory diet rich in fruits and vegetables may significantly improve symptoms.",0
"Following a diet low in added sugar and highly processed foods but rich in whole, nutrient-dense foods may help improve one’s health, manage one’s weight, and reduce Hashimoto’s-related symptoms.",0
"Whenever possible, prepare your meals at home using nutritious foods like vegetables, fruits, proteins, healthy fats, and fiber-rich carbs.",0
"If you have Hashimoto’s thyroiditis, a nutrient-dense diet may help reduce the severity of your symptoms and improve your overall health.",0
It causes numerous symptoms that may persist even if you take thyroid medication.,0
"It can cause a goiter, or enlarged thyroid, which can make… Common thyroid disorders include Hashimoto's disease, Graves' disease, goiter, and nodules.",0
Hashimoto’s thyroiditis is an autoimmune condition that can cause hypothyroidism.,0
"Read about the pros and cons of five natural… Research shows that certain vitamins, minerals, and other nutrients may benefit people with certain thyroid conditions.",0
Learn ways to lower… There's a good reason why cast iron cookware has been around for so many years — it's incredibly durable and long lasting.,0
"With buzzwords like “adaptogens” and more sources of antioxidants and protein than you ever knew existed floating around, it can be hard to keep it all straight.",0
Some have straightforward nutritional value while others may offer additional health benefits.,0
"It doesn’t offer much in the way of health benefits, though it does contain some calcium.",0
"Hailed a Brazilian superfruit, acai berries get their deep purple color from anthocyanins, antioxidants that are also concentrated in blueberries.",0
"It’s safe to consume and may even offer some health benefits in high doses, though research is emerging.",0
"It’s rich in Vitamin C, though other purported benefits, like digestive and mental health, are not backed by research.",0
"Some, like sodium nitrate, have been associated with health side effects, while others, such as sodium benzoate, are generally considered safe.",0
"Adzuki beans, commonly made into a sweet bean paste, contain fiber, protein, and complex carbs.",0
"Other benefits, such as a reduction in birth defects, increased lifespan, and stronger bones, require more data.",0
It’s often used as a food dye due to its orange-red color and is also used as a condiment because of its sweet-but-peppery taste.,0
"It contains carotenoids, terpenoids, flavonoids, and tocotrienols that may help protect against cellular damage.",0
Almond oil is packed with vitamin E and is known to have anti-inflammatory and heart-healthy benefits.,0
"It’s a good source of omega-6 fats, vitamin E, and other antioxidants.",0
"Ingesting it may also be good for the hair and skin, though more research is needed.",0
"Other benefits include boosting athletic performance, male fertility, and brain function, as well as regulating blood sugar levels and reducing inflammation, though the research is not definitive.",0
"If you see L-ascorbic acid on a label, it’s actually a fancy word for vitamin C. This water-soluble vitamin and antioxidant has a laundry (grocery?)",0
"list of evidence-based benefits, including protecting the skin against free radicals and supporting immune function.",0
Food sources like citrus fruits and broccoli are excellent sources of vitamin C. Learn more.,0
"Like the fruit it’s derived from, avocado oil is packed with healthy fats, particularly heart-healthy oleic acid.",0
"Consuming avocado oil may also help lower blood pressure and cholesterol, improve eye health, and reduce pain associated with arthritis, but more wide-scale human studies are needed.",0
Caviar is packed with B12 and fatty acids like DHA and EPA that aid in nervous system function and the production of red blood cells.,0
"Other purported benefits include improved brain, heart, and mental health.",0
More research directly linking caviar to these benefits is needed.,0
"Potential health benefits include weight loss and blood sugar control, though more high quality research is needed.",0
"They contain carbs, fiber, and minerals and can be consumed as juice, powder, extract, or whole berries.",0
"It’s generally considered safe for consumption, provided that the totals of antioxidants are not greater than 0.02 percent of fat or oil content.",0
"There aren’t studies about its health benefits, but too much sodium can negatively affect blood pressure.",0
"It contains high contents of carbohydrates, proteins, minerals, and taste compounds but is low in fat and calories.",0
"It also offers antibacterial, anti-inflammatory, antioxidant, and anticancer properties, but more research is needed.",0
"They’re packed with glutamate and inosinate, which work together to boost their umami flavor.",0
Research is still emerging on any potential benefits.,0
"It can get into food and may cause health problems, including infertility, heart disease, and Type 2 diabetes.",0
"It’s packed with antioxidants like quercetin, luteolin, and phenolic acids that might help the body fight free radical damage.",0
"It contains bioactive compounds that may help with metabolic disorders, but research is emerging.",0
"It’s packed with plant compounds that may reduce inflammation, cholesterol, and the risk of fatty liver.",0
It’s FDA-approved as a laxative but may cause GI upset like vomiting.,0
"It’s also in some drinks, touting anti-anxiety, pain-reducing, and anti-inflammatory benefits, but research is in its early stages.",0
"It’s loaded with free radical-fighting antioxidants and may improve mood, eye health, digestion, and blood pressure while having anti-cancer and anti-inflammatory properties.",0
"Chia seeds are nutrient-dense and packed with antioxidants, minerals, fiber, and omega-3 fatty acids.",0
"These nutrients may help reduce disease risks, including cardiovascular disease, diabetes, and cancer.",0
"It may help metabolize energy, prevent kidney stones, and aid in nutrient absorption, but the type of citric acid plays a role in some of these benefits.",0
"It’s packed with antioxidants like betalains, hydroxycinnamates, and flavonoids that can protect your cells from damage.",0
"Each contains its own nutrient contents, but generally, these fruits are packed with antioxidants and may protect against some diseases.",0
"It’s a good source of fiber, B vitamins, vitamin C, and healthy plant compounds.",0
"Its nutrient contents may protect against cancer, cardiovascular issues, infections, and high blood sugar, but there aren’t any human studies.",0
"It’s high in vitamin C, antioxidants, and fiber, but larger-scale studies are needed to support claims that it can help treat colds and the flu.",0
Endive is a crisp leafy green packed with antioxidants like kaempferol that may lower the growth of cancer cells.,0
"They are a good source of fiber and rich in B vitamins, such as niacin, pantothenic acid, and thiamine.",0
"Fennel and fennel seeds are nutritious and contain vitamin C, calcium, magnesium, potassium, and manganese, some of which are known to support heart health.",0
"Research about its ability to curb appetite is mixed, and purported anti-cancer benefits have not been observed in humans.",0
"Benefits may include increased heart and eye health, less inflammation, and improved mental and cognitive health outcomes.",0
This antioxidant-rich herb has long been used in Traditional Chinese Medicine (TCM).,0
"Purported benefits include cancer protection, brain health, immune function, blood sugar control, and erectile dysfunction, but more research is needed.",0
"Gluten refers to a family of storage proteins with health benefits that naturally occur in certain grains like wheat, barley, and rye.",0
"More research is needed to confirm benefits, including better immune function and eye health.",0
"Though small, they’re nutrient-dense and contain vitamin C, B Vitamins, copper, fiber, and manganese.",0
"These nutrients may help protect against heart issues, type 2 diabetes, some cancers, and degenerative brain diseases like Alzheimer’s.",0
"It is low-calorie and high in soluble fiber, so it may help with blood sugar and cholesterol control.",0
This Southeast Asian spice has been used for centuries in Ayurvedic and Traditional Chinese Medicine.,0
It contains antioxidants that can help combat free radical damage.,0
"It is high in gingerol, an anti-inflammatory and antioxidant substance.",0
"They may help with heart disease risk, skin disorder treatment, and digestion and serve as a good source of plant-based protein.",0
Hibiscus is a flowering plant that has been used in ancient and traditional medicines to reduce blood pressure and lower cholesterol.,0
"Animal, test-tube, and human studies suggest it may help with blood pressure and metabolic syndrome benefits, but more research is needed.",0
"It’s been linked to conditions including obesity, diabetes, and heart disease.",0
It’s a good source of protein and may especially benefit bodybuilders and recovering athletes.,0
Hops are female flowers from the hop plant Humulus lupulus and are most commonly found in beer.,0
"Small in size but dense in nutrients, these fish contain niacin, selenium, iron, calcium, and the omega-3 fatty acids EPA and DHA.",0
They’re a great source of protein and may improve heart health.,0
"It’s a type of prebiotic fiber that may help reduce blood pressure, and can aid in blood sugar management.",0
"Though studies show that it has a higher nutrient profile than sugar, you’d have to consume a ton of it to gain those benefits.",0
This subtly sweet tropical fruit is packed with antioxidants and nutrients that may control blood sugar and reduce disease risk.,0
"Other purported benefits, like heart health and skin condition prevention, have not been specifically studied.",0
"It’s low-calorie, high-fiber, and contains vitamin C, folate, potassium, and magnesium.",0
"Also known as Khorasan wheat, Kamut is loaded with fiber and may help control blood sugar control and reduce heart disease risk.",0
"Research into benefits like reduction in alcohol dependence, liver damage, and alleviating menopause symptoms is limited.Learn more.",0
"Lactic acid may help gut health and increase the absorption of iron and flavonoids, but other research suggests it can cause digestive issues and brain fog.",0
"Potential health benefits include reducing insomnia, anxiety, and stress.",0
"It’s packed with nutrients, including carotenoid antioxidants, which can protect against cell damage and some diseases and improve eye health.",0
"Loquats also have phenolic compounds, which also have antioxidant, anti-cancer, and anti-inflammatory benefits and may protect people from diseases like diabetes, though human studies are lacking.",0
"It’s a good source of vitamin C and fiber, which can protect against diseases and improve digestive health.",0
It’s high in fiber and may help with digestive health and decrease blood sugar and blood fat levels.,0
It’s generally considered safe but may cause reactions in infants and people with allergies to it.,0
"When you consume matcha, you’re ingesting whole-leaf powder, which means you’re getting more caffeine and antioxidants than regular green tea.",0
"It’s made using corn, rice, potato starch, or wheat and is high in carbohydrates.",0
"Formally known as Moringa oleifera, this nutrient-dense plant is native to North India.",0
"Mustard oil is commonly used in frying, roasting, baking, and grilling in countries such as India, Pakistan, and Bangladesh.It contains omega-3 fatty acids and may help reduce oxidative stress.",0
"Data on its ability to reduce heart disease is mixed, and there isn’t evidence to support claims it helps with upper-respiratory diseases like colds.Learn more.",0
"It contains iodine and tyrosine, which may support thyroid function.",0
"It’s also a good source of vitamin B12, though there’s debate over whether the body can absorb and use the B12 found in seaweed.Learn more.",0
"Also known as “nooch,” nutritional yeast is a vegan, plant-based protein often used as a seasoning in soups, sauces, and smoothies.",0
"It’s a great source of vitamin C, which supports immune function, and K1, a vitamin that can help blood clot.",0
"Plants use oxalates to regulate certain minerals, like calcium, and also for protection against predators.",0
Oxalates bind to calcium in the human body as well.,0
"A scientific-sounding name for vitamin B5, pantothenic acid provides essential nutrients to help the body create blood cells and turn food into energy.",0
"This flowering vine is often put in teas because of its purported benefits to aid with anxiety, insomnia, hot flashes, and pain relief.",0
More data is needed on human models to confirm its benefits.,0
"Though there isn’t specific research on patty pan, it’s rich in vitamin C, folate, and manganese and may assist with weight loss.",0
"Other benefits with promising research include weight maintenance, blood sugar regulation, and brain health.",0
"Pyridoxine hydrochloride is a water-soluble B vitamin, a synthetic form of B6, that is essential for creating neurotransmitters and homocysteine level regulation.",0
"Other reported benefits, such as mental and brain health improvement, are inconclusive or not supported by data.",0
"Vitamin B6-rich foods include salmon, tuna, turkey, and chickpeas.",0
"Today, it’s lauded for its nutrient contents like fiber, protein, folate, and magnesium, making it useful for weight management and gut health.",0
It’s low in calories and high in nutrients and has been used in folk medicine for centuries.,0
Research into its health benefits is usually related to quince syrup and is in its early stages.,0
It is a good source of fiber and B vitamins and may affect blood sugar less than other forms of bread.,0
"Saffron is rich in antioxidants, like crocin, crocetin, safranal, and kaempferol, which protect cells from oxidative stress.",0
Opting for organic food and reducing consumption of cured meats can reduce risks associated with this preservative.,0
Spirulina is a nutrient-rich algae that’s commonly taken as a supplement.,0
"It’s packed with B-1, B-2, and B-3, iron, copper, protein, and antioxidants that reduce inflammation.",0
"Low in unsaturated fats, sunflower oil may reduce cholesterol, improving heart health.",0
"Additionally, sunflower oil that is high in linoleic acid, or omega-6, may increase the risk for weight gain.",0
"It’s a great source of phosphorus and manganese, which keep bones healthy, and anti-inflammatory monounsaturated fats.",0
"More research is needed on its purported antibacterial, brain health, and anti-cancer benefits.",0
"It’s used for its flavor more than its health benefits, and people adhering to gluten-free diets should check the label: sometimes tamari products contain gluten.",0
One cup (132 grams) contains 17 percent of daily vitamin C needs.,0
"Often seen on labels as Alpha-tocopheryl acetate (ATA), this synthetic form of vitamin E is commonly found in dietary supplements.",0
"Vitamin E is an essential nutrient, but studies on its use as a dietary supplement for coronary heart disease, cancer, and cognitive decline are mixed.",0
"It contains curcumin, a substance with anti-inflammatory and antioxidant properties.",0
"Truffles are nutrient-dense and may have antibacterial, anti-cancer, and anti-inflammatory properties.",0
These purported benefits are mostly based on studies using test tubes and truffle extracts.,0
More research is needed on health benefits.Learn more.,0
"Its white, purple, and pink flowers bloom in the summer, and herbal remedies are often made using its rhizome root.",0
"Make each meal or snack contain nutrient-dense foods, and try to avoid processed foods.",0
Food is what fuels you and delivers the calories and nutrients your body needs to function.,0
"If your diet is deficient in calories or one or more nutrients, your health may suffer.",0
Research suggests that diets rich in ultra-processed foods are linked to increased mortality.,0
Studies have also found that diets rich in ultra-processed foods are associated with a greater risk of conditions like cancer and heart disease.,0
"On the other hand, diets comprising mostly whole, nutrient-dense foods—such as the Mediterranean diet—are associated with increased longevity and disease protection.",0
"Diets rich in highly processed foods may also increase the risk of depressive symptoms, particularly among people who get less exercise.",0
"If your current diet is high in ultra-processed foods and beverages but low in whole foods like vegetables, nuts, and fish, you’re likely not eating enough of certain nutrients.",0
"Even though calories are important, your primary concern should be nutrients.",0
"That’s because nutrients, including protein, carbs, fat, vitamins, and minerals, are what your body needs to thrive.",0
“Nutrient density” refers to the amount of nutrients in a food in relation to the calories it provides.,0
"All foods contain calories, but not all foods are nutrient-dense.",0
"Some nutrient-dense foods, such as numerous fruits and veggies, are low in calories.",0
"Others like nuts, Greek yogurt, egg yolks, avocado, and fatty fish are high in calories.",0
Just because a food is high in calories doesn’t mean that it’s bad for you.,0
"On the same note, just because a food is low in calories doesn’t make it a healthy choice.",0
"As a general rule, try to mostly eat foods that are high in nutrients like protein, fiber, healthy fats, vitamins, and minerals.",0
Following a diet that’s rich in different kinds of food: Eating a variety of foods may be difficult if you’re a picky eater.,0
"Macronutrients — the main nutrients you get from food — are carbs, fat, and protein.",0
"In particular, adding protein and fat to fiber-rich carb sources makes dishes more filling and tasty.",0
"Plus, counting macros and obsessing about staying within a certain macro range may lead to an unhealthy fixation with food and calories or cause disordered eating tendencies.",0
"However, even on these diets, macronutrient counting typically isn’t necessary.",0
"Although healthy eating may look a bit different for everyone, balanced diets are generally rich in nutrient-dense foods, low in highly processed foods, and comprised of filling meals and snacks.",0
"Eating oats and oatmeal… This article lists 7 health benefits of eating avocados, supported by science, including… Apples are a popular fruit grown and enjoyed around the world.",0
"This article explores the… Packed with nutrients but low in calories, leafy greens are crucial to a wholesome diet… Bananas make a great breakfast, snack, or dessert.",0
"Here are 14 of… Berries may have many health benefits, including preventing and reducing symptoms of… This is a detailed article about kale and its health benefits.",0
Kale is rich in several… This is a detailed article about garlic and its health benefits.,0
Here are 10 evidence-based health benefits of cinnamon.,0
"Green tea is high in… Even for the biggest coffee connoisseur, understanding how popular drinks differ can be… Being dehydrated can negatively affect your body and brain.",0
"When hunger strikes, reach for a snack that contains protein.",0
"Here are the… Nutritious snacks are essential for teens, fueling their growing bodies and supporting… Micronutrients are one of the major groups of nutrients and vital for human health.",0
"This… Foods high in fiber include pears, strawberries, avocato, oats, and kidney beans.",0
Learn… Counting macronutrients is a popular method for achieving health goals like weight loss or… Research shows it's really important to eat enough protein.,0
"These high protein foods can… Protein is incredibly important for your health, weight loss, and body composition.",0
"These foods are packed with… For Divya Alter, food isn't just fuel—it's a friend.",0
Eco-friendly eating can boost your health while minimizing your environmental impact.,0
Research shows it's really important to eat enough protein.,0
"These high protein foods can… Foods high in fiber include pears, strawberries, avocato, oats, and kidney beans.",0
"Here are 18… The Mediterranean diet includes lots of healthy foods like whole grains, fruits… Eating the right foods can have major benefits when you're sick.",0
Find 30 healthy snacks that… Magnesium is a very important nutrient that most people don't get enough of.,0
"Here are 10… Water fasting is claimed to have several health benefits, including weight loss.",0
"Of those consumers, 52 percent said they took a specialty supplement, like omega-3s, probiotics, or fiber.",0
"Here’s what the research and experts have to say about when it’s beneficial to add vitamins, minerals, and supplements to your diet, plus which ones to choose.",0
"In other cases, they may help fill in the gaps for nutrient deficiencies in the diet, says Stephanie Greunke, RD, a registered dietician and member of Needed‘s practitioner collective.",0
"Common cases where providers will recommend taking vitamins, supplements, or minerals include: Supplements may have their detractors, but some can be beneficial, particularly in specific circumstances.",0
The American College of Obstetricians and Gynecologists recommends people with uteruses should begin taking prenatal vitamins when they start trying to become pregnant and continue intake throughout pregnancy.,0
The CDC recommends taking prenatal vitamins with 400 mg of folic acid to protect against certain birth defects.,0
"The ACOG recommends getting at least 27 milligrams of iron per day during pregnancy, something often found in prenatal vitamins.",0
Burdeos says folic acid combined with iron provides benefits for a fetus.,0
"“Folic acid helps prevent neural tube defects, which are serious abnormalities in the baby’s brain and spinal cord,” Burdeos says.",0
“Iron helps facilitate the transportation of oxygen throughout the body.,0
"The sun is a natural source of vitamin D, and egg yolks and fatty fish are quality food sources.",0
"“It’s nearly impossible to get all the vitamin D you need from food alone,” Greunke says.",0
"Infant formula is fortified with vitamin D, so the CDC says that children younger than 12 months who are exclusively formula-fed likely don’t need a vitamin D supplement.",0
"A 2015 study indicated that a lactating parent could take 6,400 IU of vitamin D per day to supply an adequate amount to the nursing infant through human milk.",0
"Since it’s challenging to get that from food, Greunke says a vitamin D supplement is worth it even past infancy.",0
One of the most popular vitamins just might be Omega 3’s.,0
"B12 naturally occurs in animal products, and Burdeos says it’s important for: An older study from 2022 indicates that B12 deficiency is higher in vegans than in vegetarians.",0
"She says B12 supplementation is worth it for individuals who are deficient, particularly those who do not consume animal protein.",0
"Iron is present in food like nuts and dark, leafy greens.",0
"According to the NIH, it helps: Though Pasquariello typically recommends a food-first approach, people with iron deficiencies and those who are borderline anemic may benefit from iron supplementation.",0
"Additionally, pregnant people should seek out a prenatal with iron to support fetal development.",0
"Always ask your doctor for the best option, as it’s possible to take too much iron, which in rare cases can lead to iron poisoning.",0
Magnesium is a naturally occurring mineral and the fourth-most abundant one in the body.,0
"“Most greens powders products claim to be filled with whole food sources of nutrients and pre- and probiotics,” Pasquariello says.",0
"“For example, too much vitamin D can lead to kidney problems, and too much vitamin C can cause digestive issues,” Burdeos says.",0
"If you’re getting the nutrients from diet alone, there’s no need to add any more of it to your diet through an oral tablet or powder.",0
Experts share insights for navigating the vitamin and mineral aisle of the grocery store below.,0
You may notice these terms on mineral bottles.,0
"“Chelated means the mineral was altered in a way that improves absorption,” Greunke says.",0
"However, a 2014 study of postmenopausal people indicated that non-chelated calcium carbonate was absorbed more quickly and upped blood calcium levels better than calcium citrate.",0
Greunke says food and water make up the majority of our mineral intake.,0
"They can also be found in: “Thoughtful supplements take into consideration nutrient competition,” Greunke says.",0
"“For example, iron competes with other minerals for absorption, such as zinc, calcium, copper, and magnesium.” Greunke suggests avoiding multivitamins with iron.",0
Calcium and iron supplements can be taken a couple of hours apart.,0
"It’s also possible to take too much iron, so always talk to your doctor before adding it to your supplement regimen.",0
"“High doses of magnesium citrate and vitamin C can cause diarrhea, so if this is happening, you’ll want to reduce the amount you’re taking,” Greunke says.",0
"“Some supplements like vitamin B12 can yield quick improvements in energy,” Greunke says.",0
"If an individual is dehydrated or imbalanced in minerals, an electrolyte supplement can boost energy, physical performance, and improve blood pressure.” Others may have more subtle or long-term effects.",0
"If it’s to lower blood sugar because of pre-diabetes or diabetes, at-home glucose monitoring and in-office bloodwork are important, Greunke says.",0
Pasquariello says medical professionals can also check the nutrient levels in your blood before you start taking a supplement and after consuming it for a specific period.,0
Vitamin D may also reduce the risk of pregnancy complications like gestational diabetes.,0
"For those on the keto diet, Pasquariello suggests discussing vitamin D and calcium supplementation with your doctor.",0
Most experts don’t believe vitamins or supplements are necessary for weight loss.,0
"Women don’t necessarily need special supplements, but experts say pregnant people should take prenatal vitamins with folate and iron.",0
It’s recommended that people begin taking prenatal vitamins three months before trying to become pregnant.,0
"Vitamin D supplementation during pregnancy may protect against pre-eclampsia, pre-term birth, and gestational diabetes.",0
"Vitamins, minerals, and supplements are buzzy, but most people get enough nutrients from diet alone.",0
It’s important to remember that the vitamin and supplement industry isn’t regulated by the FDA.,0
"Many dietary recommendations apply to both men and women, but women's bodies have different needs for vitamins.",0
"When you have iron deficiency anemia, it means your iron levels are low.",0
"Omega-3 fatty acids are important for health and help support essential body functions, such as brain health.",0
"There are three main types of omega-3 fatty acids: The best way to get enough is to eat whole foods rich in omega-3s, like fatty fish.",0
"While different omega-3 supplements are available, not all have the same health benefits.",0
This is important because the body absorbs some forms better than others.,0
Research also suggests that many health benefits of eating fatty fish do not necessarily extend to supplements.,0
"While the amount may vary between fish species, 1,000 mg of fish oil often contains about 180 mg EPA and 120 mg DHA.",0
Read more about the benefits of taking fish oil.,0
Read about the benefits of fish oil for brain health.,0
Krill oil contains omega-3s in both triglyceride and phospholipid form.,0
"Krill oil is highly resistant to oxidation, as it naturally contains a potent antioxidant called astaxanthin.",0
"In addition to EPA and DHA, it also contains trace amounts of eicosatetraenoic acid (ETA).",0
Consuming green-lipped mussel oil is also considered to be environmentally friendly.,0
"Marine algae, particularly microalgae, are another triglyceride source of EPA and DHA.",0
Algal oil can be a particularly good source of DHA and EPA for vegetarians and vegans.,0
It may also contain important minerals like iodine.,0
"This is common in fish oil capsules, as it prevents fishy-tasting burps.",0
"However, according to the National Center for Complementary and Integrative Health (NCCIH), eating seafood, particularly fatty fish, may have more health benefits than taking fish oil or other supplements.",0
"However, make sure the supplement contains what it says it does, and pay special attention to the EPA and DHA content.",0
"Vegetarian options are available, but they usually only contain ALA. One exception is algal oil, which provides an excellent source of quality omega-3s and is suitable for everyone, including vegans.",0
"It’s best to take these supplements with a meal that contains fat, as fat increases your absorption of omega-3s.",0
Read about the benefits of omega-3 fatty acids.,0
Consuming omega-3 fatty acids is essential for health.,0
"This article explains what these fats are and how to get… While omega-3s offer many benefits, you may wonder whether any of them apply to your skin or hair.",0
"Here are 6 science-based benefits of omega-3s for… When choosing a nonalcoholic alternative for a recipe, it can help to consider what the alcohol was meant to do originally.",0
"While it may not be what you expect from a roadside dining experience, Atkins has plenty of happy customers who appreciate the taste and the benefits of his vegan fare.",0
"“I thought, ‘Wow, this is good for not just my health.",0
"It’s also good for the animals, and also the environment.",0
It helps reduce deforestation and water use.’” It turns out that Atkins did his research.,0
"When it comes to human health, a whole foods, plant-based diet offers plenty of benefits too.",0
"Dates, the fruit of the palm tree, are high in fiber and antioxidants, making them a great sugar swap.",0
"It makes a good replacement for the added nutrients, but it doesn’t reduce the calories, fructose, or sucrose that regular sugar involves.",0
Food production creates an inevitable strain on the environment.,0
"Though vegetarian and vegan diets tend to be more environmentally friendly, not everyone wants to give up eating meat altogether.",0
"This article covers some of the major effects of food production on the environment, as well as how to eat both meat and plants more sustainably.",0
With the production of food for human consumption comes an environmental cost.,0
"With half of the world’s habitable land now being used for agriculture, land use plays a big role in the environmental impact of food production (1).",0
"That said, they only make up 18% of the world’s calories and 17% of the world’s protein (2).",0
"As more land is used for industrial agriculture, wild habitats are displaced, disrupting the environment.",0
"Another major environmental impact of food production is greenhouse gases, with food production making up about one-quarter of global emissions (2).",0
"When crops are fertilized, there’s potential for excess nutrients to enter the surrounding environment and waterways, which in turn can disrupt natural ecosystems.",0
With the production of food for human consumption comes a variety of environmental impacts.,0
"Protein-rich foods, such as meats, dairy, and eggs, make up about 83% of our dietary emissions (16).",0
Another impactful way to promote being an ethical omnivore is by eating more plant-based protein sources.,0
"Foods like tofu, beans, peas, quinoa, hemp seeds, and nuts have a significantly lower carbon footprint when compared with most animal proteins (2).",0
"While the nutritional content of these plant proteins can differ greatly when compared with animal proteins, protein content can be matched with the appropriate portion sizes.",0
Including more plant-based protein sources in your diet doesn’t mean you have to totally eliminate animal foods.,0
One way to reduce how much animal protein you eat is by subbing out one-half of the protein in a recipe with a plant-based one.,0
"This way you’ll get the flavor of the meat, but you have reduced the amount of animal protein, in turn reducing the carbon footprint of that given meal.",0
"The most impactful ways to do this include moderating red meat consumption, eating more plant-based proteins, and reducing food waste.",0
"The main ways to do so include moderating red meat consumption, eating more plant-based proteins, and reducing food waste.",0
Being conscious of your decisions surrounding food can go a long way toward furthering a sustainable food environment for years to come.,0
Here are 9… Following a sustainable diet that's good for the planet doesn't have to break the bank.,0
I'm a dietitian who keeps a garden and follows a nutrient-rich whole foods diet.,0
"While they contain carbs, they’re also rich in fiber, protein, and fat — all of which help minimize their overall effect on your blood sugar levels (1).",0
"These savory, red fruits are also rich in antioxidants, such as lycopene, which may promote heart health.",0
"Plus, they’re fairly low in carbs, so they only affect your blood sugar levels minimally (2, 3).",0
"Peanut butter is an inexpensive source of healthy protein, fat, and fiber — and it has few carbs (4).",0
Pistachios are a tree nut that packs healthy protein and fat.,0
"They’re also rich in fiber, making them a great snack for people with diabetes (5).",0
"Canned salmon is rich in omega-3 fatty acids, which benefit your brain and fight inflammation (6).",0
"Moreover, this fish is packed with protein and has no carbs.",0
"Canned salmon also contains some bones, which are safe and edible — and provide a calcium boost (7).",0
"Seeds serve as a healthy source of fat and fiber, which help slow these crackers’ effects on your blood sugar levels (8, 9, 10).",0
They boost digestive health because they’re rich in soluble fiber and form a gel in your gut.,0
This helps slow digestion and prevent rapid blood sugar spikes (11).,0
"Additionally, berries are packed with health-boosting nutrients and antioxidants (15).",0
"However, it has more protein and fiber — and fewer total carbs — than brown rice, making it ideal for people with diabetes (16, 17).",0
"Canned mushrooms, which taste milder than fresh varieties, give a nutrient boost to endless dishes.",0
"Mushrooms are fiber-rich and low in carbs, so they affect your blood sugar negligibly.",0
"Some varieties, including white button, contain ergothioneine, an amino acid that has antioxidant properties and may aid blood sugar management (18, 19).",0
"Given that spinach contains very few carbs and calories, you can eat a large quantity with a minimal effect on your blood sugar levels (20).",0
"Canned chicken is fairly lean, rich in protein, and contains almost no carbs.",0
Cocoa is also rich in fiber and healthy fats.,0
"High protein pastas are usually made from legumes, such as black beans or chickpeas, instead of wheat.",0
"Legumes contain carbs but boast more fiber and protein than wheat, making high protein pastas a better choice for people with diabetes (23, 24).",0
You can replace regular pasta with a high protein variety in any recipe.,0
Most protein powders are low in carbs and added sugars while providing hefty doses of protein.,0
"Whey protein is derived from cow’s milk, so if you prefer a plant-based option, you can use soy or pea protein powder.",0
"Protein powder is a great addition to smoothies, protein shakes, and desserts.",0
"Although cow’s milk is slightly higher in carbs than some nondairy alternatives, it has protein and fat — unless it’s skim — that reduce its effects on your blood sugar.",0
"Both shelf-stable and plant-based milks can be used in various recipes, such as protein-rich smoothies, soups, and baked goods.",0
"Olive oil is rich in anti-inflammatory compounds, and consuming it regularly may help you manage your blood sugar levels (27).",0
"Olive oil is pure fat, so it contains no carbs to affect your blood sugar levels.",0
"However, it’s high in calories, so you should use it in moderation (28).",0
"Since carbs affect your blood sugar levels more than protein and fats, your meals and snacks should all contain roughly the same number of carbs.",0
This article reviews 10 natural ways to increase… The body absorbs vitamin D differently than other supplements and experts say the vitamin… Diet plays a major role in heart health.,0
These 9 foods may… Poor digestion can cause major disruptions to your life.,0
"Here are 11 diet and lifestyle… If you have a gluten intolerance, you need to avoid any food that contains this protein.",0
"Learn more about 84 gluten-free foods, as well as… Eliminating gluten from your breakfast can be challenging, since many breakfast favorites are loaded with it.",0
"Here are 25… People with lactose intolerance are unable to digest lactose, the main carbohydrate in… Lactose intolerance is common and can cause a wide range of symptoms.",0
"This article outlines an… A diet high in processed foods, fats, and alcohol can cause inflammation.",0
"Chronic… Gout is a type of arthritis that causes sudden and severe pain attacks, but the right diet… Chronic inflammation is linked to many diseases, including diabetes and cancer.",0
"However, the methods used to produce palm oil are highly unsustainable and wreak havoc on the environment of Southeast Asia.",0
"Nevertheless, the palm oil industry claims that this crop plays a significant role in the food system and provides jobs in the countries where it’s grown.",0
"Even so, because its impacts on the environment are so significant, the final toll of palm oil production may be much further reaching (5).",0
"Here are some of the most notable environmental concerns involving palm oil: Paradoxically, palm oil production is threatened by global warming, too.",0
This situation gives rise to tensions between corporate interests and consumers or environmental groups demanding changes to how palm oil is made.,0
"If palm oil were produced ethically and sustainably, it could offer numerous benefits.",0
"Nevertheless, research on palm oil’s nutrients is conflicting.",0
"Palm oil is rich in healthy fats, some vitamins, and antioxidants.",0
"Still, environmental advocates have questioned the credibility of such programs due to the influence of the palm oil industry (33).",0
"When ordinary citizens band together for a cause they’re passionate about, they can achieve extraordinary things.",0
"While it may have some health benefits, its production has major environmental and ethical concerns.",0
Coconut oil was demonized in the past because it is high in saturated fat.,0
"As we chug along into a new year, interest in plant-based protein shows no signs of slowing down.",0
"Meanwhile, there’s no shortage of novel plant-forward protein sources to choose from, with new powders, milks, and meat substitutes emerging every month.",0
"And, of course, old standbys like beans, quinoa, and tofu are always available to add animal-free protein to your diet too.",0
"Here’s an overview of the latest science behind plant-based proteins, when to use them, and why they make a difference to the environment and your health.",0
"When comparing plant-based protein to animal protein, there are plenty of factors to consider, from taste to cost.",0
"But if you’re turning to plants for a health purpose, it’s helpful to look at the science behind their benefits.",0
Vegetarians (and their well-meaning mothers) have long been concerned about obtaining so-called “complete” protein from plant sources.,0
Complete proteins are those that provide all nine essential amino acids the body can’t produce on its own and must get from food.,0
"Many vegan proteins don’t contain all the essential amino acids, leading some people to believe that they must mix and match their menu to create the right balance.",0
"In fact, a 2019 study on people following vegan and vegetarian diets found that they received more-than-adequate protein and amino acids.",0
"If you choose to go totally vegan, you’ll likely need to add this nutrient to your diet with a supplement.",0
Opting for plant proteins over animal ones is likely to produce positive health effects.,0
"Some plant-based protein foods (like plant-based meats and cheeses) are highly processed, which could come with some unpleasant surprises for health.",0
People with allergies to soy or nuts (two of the eight most common food allergens) may also find a diet high in plant-based protein tricky to follow.,0
And folks with digestive issues like irritable bowel syndrome may need to be careful with the higher fiber content of many plant-based foods.,0
"For years, soy foods have been plagued by rumors that they alter hormone balance or even cause cancer.",0
"Eating more plant-based proteins not only nourishes your body, it can help restore the planet!",0
Water usage is another key area where plant proteins outshine animal ones.,0
The environmental effects of scaling back meat consumption are so noteworthy that the U.N.’s 2019 climate change report called for a global reduction of animal protein.,0
"Even if you don’t elect to go fully plant-based with your protein consumption, you might consider making some smaller tweaks to promote planetary health.",0
"The best plant-based foods are those that provide not only ample protein, but other benefits too.",0
"“Beans are unique in that they contain fiber, whereas animal protein does not,” Milmine points out.",0
“Dietary fiber has been associated with many benefits such as digestive health and reducing the risk of certain conditions.”  Gorin recommends tofu.,0
“Pistachios offer 6 grams of protein per quarter-cup serving.,0
They’re one of the highest-protein snack nuts out there.” Anyone can (and should!),0
"And if excess fiber is a concern, choose your plant-based protein sources wisely.",0
"Soy milk and tofu, for example, provide plenty of protein with minimal fiber.",0
The merits of plant-based protein powder versus whey powder are hotly debated in the nutrition world.,0
"Both powders help build muscle and support weight loss, but plant-based options don’t always feature complete proteins and may not contain as many grams per scoop.",0
"On the other hand, some people find plant-based powders easier to digest because they don’t contain lactose.",0
"Flavor preferences may vary, but judging by online reviews, certain protein powders are the tastiest cream of the plant-based crop.",0
"Whether you prefer tofu, beans, nuts, or a combination of all of the above, plant-based proteins have so much to offer.",0
"They’re usually inexpensive, packed with nutrients, and come in a delicious palette of flavors.",0
"Protein is an important nutrient for optimal health, but not all protein sources are equal.",0
"Because I grew up in a Jamaican-Trini household, meat-centric dishes were the norm for the entirety of my life prior to moving out.",0
"I can’t fault people for being inquisitive about my going vegan, because I became a different person in many ways after removing meat from my diet.",0
"Prior to veganism, for example, I wasn’t aware of the harms of factory farms and the environmental impact of eating animals.",0
I didn’t engage in environmental activism the way I do today.,0
"Environmental justice is intersectional with veganism, which is intersectional with — you guessed it — race.",0
These conversations always lead me to the same conclusion: There’s a pipeline from beginner vegan to environmental justice advocate.,0
"But as a Vegan of Color, I see that identity, culture, food access, and environmental justice are linked.",0
"While real deserts and swamps are natural and important to the environment, racialized disparities in food access are not — and they’re constructed by racist politics.",0
"I had the honor of speaking with Isaias Hernandez, known in the environmental justice space as @queerbrownvegan.",0
But “they are not able to address… the reasons why they’re trying to abolish these existing industries is because the industries exist today because of colonialism and global capitalism.,0
It can also be advocating for food and environmental justice and healthier options in lower income communities.,0
"And at the same time, it can be educating my carnivorous family on the benefits of opting into a Meatless Monday.",0
"Because Black people are the fastest-growing vegan demographic in America, it feels like sharing my adoration for veganism and passion for environmental justice is time well spent.",0
WebMD has sole and absolute discretion with respect to interpretation and enforcement of this policy and all other issues associated with Advertising on the WebMD Network.,0
And eczema is one possible cause of dry skin.,0
"Atopic dermatitis and contact dermatitis can have similar symptoms, but different causes and triggers.",0
Your eczema may cause a mild or severe itch.,0
Eczema also causes skin changes that increase your risk of infections.,0
Thereâ,0
"Sleep quality and quantity improves metabolism, focus, and habits, and healthy weight management improves sleep.",0
Learn about the mind-body benefits of physical movement in this free webinar.,0
"Watch Now  In this webinar, Nehal N. Mehta, MD discusses the effects of psoriasis and how other health conditions, or comorbidities, are often linked to psoriasis.",0
"Watch Now  In this webinar, Beverly Tchang, MD will explain why menopause can cause unwanted weight and body changes, and what you can do to overcome that.",0
Watch Now  This webinar provides straightforward information about cancer risk and equips you with tools and strategies for your journey to better health.,0
"Watch Now  This webinar will discuss how things like your age, medical history, environment, and health goals go into creating the diet that works best for you.",0
"Watch Now  In this webinar, youâ",0
"As a leader in digital health publishing for more than 25 years, WebMD strives to maintain the most comprehensive and reliable source of health and medical information on the internet.",0
WebMD Health Services provides customizable health and wellness solutions for employers and health plans that help them improve the health of their employee and plan participant populations.,0
Getting proper nutrition can get harder with age because of loss of appetite or problems with chewing or swallowing food.,0
"Just because you are older than 60, don't think you can't be vital and healthy.",0
The cause is age-related sarcopenia or sarcopenia with aging.,0
Learn all about the benefits of a calm-down corner and how to make your own.,0
"If you believe the ads, every kid needs a daily Flintstones or gummy bear vitamin.",0
"When a medication works right, it boosts your health or helps you feel better.",0
"For example, taking a cough medicine (antitussive) and a drug to help you sleep (sedative) could cause the two medications to affect each other.",0
"Some vitamins and dietary supplements interact with medicines, too.",0
Taking multiple medicines that cause sleepiness can reduce your alertness and reflexes.,0
"Common medicines that cause sedation are allergy medicines (antihistamines), sleep medicines, anxiety medicines called benzodiazepines, and some prescription pain medicines.",0
"Ask your doctor how much food with vitamin K you can have, then eat the same amount around the same times each week.",0
"When two drugs can cause the same side effect and are used at the same time, they might cause more of that side effect.",0
"For example, taking one medication that raises blood pressure as an unwanted effect may decrease the benefits of taking another medication to lower your blood pressure.",0
"For example, supplements like calcium and iron can prevent absorption of thyroid meds.",0
"Make sure they know all the medicines, vitamins, and supplements you're taking.",0
"Cleveland Clinic: ""How What You're Eating Could Be Affecting Your Medications,"" ""Why Vitamin K Can Be Dangerous If You Take Warfarin,"" ""General Medication Guidelines.""",0
Protein can help you shed pounds and keep your belly full.,0
It's important to eat the right amount and the right kind of protein.,0
Never disregard professional medical advice or delay in seeking it because of something you have read on the WebMD Site!,0
"Because we believe when patients have a voice, everybody wins.",0
"Learn all about rheumatoid arthritis, including the causes, symptoms, and treatment.",0
Doctors donâ,0
Tumor necrosis factor (TNF) is a protein in your body that causes inflammation and helps coordinate the process.,0
"RA medications may prevent, slow, or stop the damage that leads to deformed joints.",0
It helps to have people who understand and can help.,0
I asked someone this question recently because I wanted to know if cleaning could be considered one.,0
An accurate and early diagnosis of psoriatic arthritis will help you avoid the damage and deformity it can cause.,0
A doctor can tell if the symptoms are caused by PsA or another condition.,0
The main goal of psoriatic arthritis treatment is to control the inflammation that causes your joints to swell and ache.,0
"Otezla contains apremilast, a phosphodiesterase-4 inhibitors approved for the treatment of active psoriatic arthritis in adults.",0
Axial psoriatic arthritis is the only type of psoriatic arthritis linked to sacroiliitis.,0
The label identifies the active ingredient(s) and contains other important information including warnings about possible drug interactions and side effects.,0
Never disregard professional medical advice or delay in seeking it because of something you have read on WebMD!,0
Never ignore professional medical advice in seeking treatment because of something you have read on the WebMD Site.,0
Discover how high-protein diets may help you lose weight and feel full.,0
Find out the best sources of protein for weight loss.,0
Learn how high protein/low carbohydrate diets work and their pros and cons for weight loss.,0
"Learn about rapid weight loss claims, types of diets, and the risks and benefits of rapid weight loss.",0
"Vitamin D is essential for healthy bones, and a lack of it can lead to health problems, including cardiovascular disease.",0
"Vitamin B12 is essential for good health, but some people may not be getting enough.",0
"Learn about the health benefits of phytonutrients, natural chemicals that are found in a variety of plant foods.",0
"Benefits of drinking water: general hydration, as an aid in brain function, to promote weight loss, to replace sweat loss after exercise, when youâ",0
This article provides answers to these and other questions about masturbation.,0
"Regular sex can be good for your heart, keep your brain sharp, and make you happier, among other things.",0
"Find out what causes attention deficit hyperactivity disorder (ADHD), what the symptoms are, and how itâ",0
"In some cases, a health issue may be the cause.",0
"No one knows exactly what causes ADHD, but certain things are known to play a role.",0
"Because executive functions are a wide set of skills, thereâ",0
An ADHD coach is a trained professional who helps you come up with ways to handle activities made harder by your ADHD.,0
"Trying to keep up with work, school, and other responsibilities can cause burnout â",0
WebMD helps you know how to make the most of your time.,0
"In a medium often accused of providing outdated and inaccurate information, WebMD stands out as a credible, authoritative source of health information.",0
"It contains the latest information from reliable sources including the most important peer-reviewed medical journals, announcements from federal health agencies, and analyses on the latest health trends.",0
"In addition, the hyperlinked educational collaboration, linked to its definition, will be followed by the name of the organization with whom we worked to create the content.",0
This requires an editorial approach that helps users make better health choices.,0
Leverage our suite of ad products that deliver better engagement and lasting brand benefits.,0
Popular Foods Popular Food Chains Powered by ESHA Nutrient Database,0
"When worrying becomes excessive, it can lead to feelings of high anxiety and even cause you to be physically ill.",0
"When a blood clot forms in a vein deep inside your body, it causes what doctors call deep vein thrombosis (DVT).",0
"But about half the time, this causes no symptoms.",0
Factor V Leiden and a prothrombin gene mutation can make it more likely that you'll develop issues because of blood clots.,0
"Surgery is one of the major causes of DVT, a blood clot that forms in the deep veins of your body, often in your leg.",0
Exercise is important for people with DVT because it helps circulation and eases symptoms of venous insufficiency.,0
Certain vitamins and antioxidants may improve the health and quality of your skin.,0
Your skin needs the right balance of nutrients.,0
"Because of this, you should wash your makeup brushes every seven to ten days.",0
"WebMD lists the beauty benefits of natural oils like coconut and castor to your hair, skin, and nails.",0
"WebMD's Migraine Support community helps bring fellow migraineurs together to learn, share and connect.",0
"John Whyte, MD, WebMD's CMO and author of Take Control of Your Diabetes Risk helps advise the group.",0
"Crohn's disease is a condition that causes swelling, or inflammation, in part of your digestive system.",0
"Although there are many theories about what causes Crohn's disease, none of them have been proven.",0
Scientists havenâ,0
Medical experts speculate that an overgrowth of bacteria is one of the causes of Crohnâ,0
Foods donâ,0
"Crohn's disease mainly affects the gut, but also has the potential to cause inflammation elsewhere in the body.",0
This is when the condition causes damage around the anus.,0
"There are resources you can use to get information to feel better, Finding out you have a long-term condition like Crohn's disease can cause a mix of emotions.",0
Experts donâ,0
It may cause AIDS after youâ,0
Youâ,0
Pneumocystis pneumonia (PCP) is a serious infection that causes inflammation and fluid buildup in your lungs.,0
Thereâ,0
"If you are a man who has sex with men, you might be at greater risk forgetting HIV, the virus causes AIDS.",0
Condoms are the best way to prevent HIV because the virus can't pass through the barrier.,0
Your sex life doesnâ,0
"Except for vitamin D, the human body cannot make vitamins.",0
You need to get vitamins from the foods you eat or from supplements.,0
"Navigating the changes of midlife causes stress, there's no doubt about it, and we'd all like to reduce stress in our lives.",0
Menstrual crampsÂ are the leading cause of absenteeism in women younger than 30 years.,0
"If any file format prevents you from accessing information on WebMD, please contact us for assistance by any of the means noted below.",0
"By filling your plate with fruits, vegetables, quality protein sources, and other whole foods, you’ll have meals that are colorful, versatile, and good for you.",0
"Typically, the foods people consider healthy are whole foods that contain beneficial nutrients.",0
They are also low in saturated fat and sodium and do not contain additives like sweeteners.,0
"They are sweet, nutritious, and easy to incorporate into your diet because they require little to no preparation.",0
"Apples contain fiber, vitamin C, and numerous antioxidants.",0
Avocados are different from most other fruits because they contain lots of healthy fat.,0
They’re also high in vitamin B6 and fiber and are convenient and portable.,0
Blueberries are both delicious and high in antioxidants.,0
Oranges are well known for their vitamin C content.,0
Strawberries are highly nutritious and low in both carbs and calories.,0
"They provide vitamin C, fiber, and manganese and make a delicious dessert.",0
"Experts used to think they increased cholesterol, but now see them as a useful source of protein that may have various benefits.",0
Lean beef is an excellent source of protein if you consume it in moderation.,0
Bioavailable means your body can absorb and use the iron more readily.,0
Chicken breast is low in fat and calories but high in protein.,0
"It’s a great source of many nutrients, including potassium and B vitamins.",0
"Although high in unsaturated fat and calories, nuts and seeds may help lower the risk of cardiovascular disease, cancer, and other health issues.",0
"Almonds are a popular nut that contains vitamin E, antioxidants, magnesium, and fiber.",0
Chia seeds are a nutrient-dense addition to the diet.,0
"A single ounce (28 grams) provides 9.75 grams of fiber and significant amounts of magnesium, manganese, calcium, and various other nutrients.",0
Coconuts provide fiber and fatty acids called medium-chain triglycerides (MCTs).,0
Walnuts are highly nutritious and rich in fiber and various vitamins and minerals.,0
"Brazil nuts are nutrient-rich and have a smooth, buttery texture.",0
The nutrients they contain support thyroid function and are a good source of the mineral selenium.,0
"Calorie for calorie, vegetables are among the most concentrated sources of nutrients.",0
"Asparagus is a popular vegetable that is low in both carbs and calories and rich in vitamin K. Bell peppers come in several colors, including red, yellow, and green.",0
They’re crunchy and sweet and are a great source of antioxidants and vitamin C. Broccoli is a cruciferous vegetable that tastes great both raw and cooked.,0
It’s an excellent source of fiber and vitamins C and K and contains a decent amount of protein compared with other vegetables.,0
"They’re sweet, crunchy, and loaded with nutrients such as fiber and vitamin K. They’re also high in carotene antioxidants, which have numerous benefits.",0
"They are low in both carbs and calories, consisting mostly of water.",0
They also contain small amounts of vitamin K and other nutrients.,0
"It contains allicin, which has antioxidant and antimicrobial effects.",0
Its nutrients may also reduce the risk of cancer and cardiovascular disease.,0
"Kale is high in fiber, vitamins C and K, and other nutrients.",0
They contain a number of bioactive compounds believed to have health benefits.,0
"They are tasty and provide nutrients such as potassium and vitamin C. For a bit of fun and extra flavor, try growing tomatoes on your windowsill.",0
They’re rich in omega-3 fatty acids and iodine.,0
"Salmon is an oily fish that is tasty and high in nutrients, including protein and omega-3 fatty acids.",0
"It also contains some vitamin D. Sardines are small, oily, and highly nutritious fish.",0
"They provide many nutrients, including calcium and vitamin D. Shellfish are nutrient-dense and make a tasty light meal.",0
It tends to be low in fat and calories but high in protein.,0
Tuna tends to be low in fat and calories and high in protein.,0
It’s a good option for people who need to add more protein to their diets but keep calories low.,0
"Whole grains play an important role in your diet because they are healthy carbohydrates and provide a variety of micronutrients, fiber, and fuel for your body.",0
"Brown rice is more nutritious than white rice, with decent amounts of fiber, vitamin B1, and magnesium.",0
Oats provide nutrients and powerful fibers called beta-glucans.,0
"Glucans provide numerous benefits, including helping lower cholesterol and feeding beneficial gut bacteria.",0
Quinoa is a tasty grain that’s high in nutrients such as fiber and magnesium.,0
It is also an excellent source of plant-based protein.,0
"Whole grain breads can be high in fiber and other nutrients, and are a better choice than highly processed white bread.",0
"When buying bread, compare product labels and look for those with the most dietary fiber and the least added sugar.",0
"Legumes are a great plant-based source of protein, iron, and fiber.",0
"Legumes can sometimes interfere with digestion and nutrient absorption, but soaking and properly preparing them can reduce this risk.",0
Kidney beans contain fiber and various vitamins and minerals.,0
"Make sure to cook them properly, because they’re toxic when raw.",0
They’re high in fiber and a good source of plant-based protein.,0
"However, they are tasty and high in nutrients and antioxidants.",0
"For those who can tolerate them, dairy products are a healthy source of various important nutrients.",0
An ounce of cheese may offer about the same amount of protein as an entire cup (240 ml) of milk.,0
It’s also a tasty addition to many dishes and can replace meat as a source of protein.,0
"Dairy milk contains vitamins, minerals, protein, and calcium.",0
It contains heart-healthy monounsaturated fats and is high in antioxidants that have powerful health benefits.,0
Coconut oil is a saturated fat but contains MCTs and may have similar health effects to olive oil.,0
"Potatoes provide potassium and contain a little of almost every nutrient you need, including vitamin C. With their jackets, they are also a good source of fiber.",0
"Sweet potatoes are rich in antioxidants, beta carotene, vitamin A, and other essential nutrients.",0
Dark chocolate contains antioxidants known as flavonoids that may help manage cholesterol and reduce the risk of heart disease.,0
"However, the amount of chocolate that is usually healthy to eat is not enough to provide significant benefits.",0
The American Heart Association recommends eating chocolate in moderation and for enjoyment rather than for its health benefits.,0
Here are 7 evidence-based health benefits of drinking water.,0
"All fruit offer health benefits, so include as much variety as possible.",0
Each type of fruit brings its own unique set of nutrients and benefits to the table.,0
"The key is to eat fruits of various colors, as each color provides a different set of healthy nutrients.",0
"One of the most popular fruits, apples are chock-full of nutrition.",0
"They’re rich in both soluble and insoluble fiber, such as pectin, hemicellulose, and cellulose.",0
"In addition, they’re a good source of vitamin C and plant polyphenols, which are disease-fighting compounds found in plants.",0
"Note that most of the polyphenols in apples are located just below the skin, so be sure to eat it to reap the greatest benefits.",0
Blueberries are well known for their antioxidant and anti-inflammatory properties.,0
"In particular, they’re high in anthocyanin, a plant pigment and flavonoid that gives blueberries their characteristic blue-purple color.",0
This compound helps fight cell-damaging free radicals that can lead to disease.,0
"Other berries high in anthocyanins include blackberries, bilberry, elderberry, cherries, and chokeberries.",0
The benefits of bananas go beyond their potassium content.,0
"Furthermore, they’re high in prebiotics, a type of fiber that promotes the growth of beneficial bacteria in the gut.",0
"Note that green, unripe bananas are higher in resistant starch than ripe ones, and they’re a good source of the dietary fiber pectin.",0
"Both of these have been linked to a number of health benefits, including improved blood sugar control and better digestive health.",0
"Meanwhile, ripe bananas are an excellent source of easily digested carbs, making them great to fuel up on before a workout.",0
"Oranges are known for their high vitamin C content, providing 91% of the DV in a single fruit (154 g).",0
"They’re also high in potassium, folate, thiamine (vitamin B1), fiber, and plant polyphenols.",0
"Though 100% orange juice provides a high volume of nutrients and antioxidants, it usually lacks dietary fiber.",0
"In particular, mangoes are high in mangiferin, a potent antioxidant.",0
"Studies have shown it may protect the body from chronic diseases, such as: What’s more, mangoes contain fiber, which helps support regular bowel movements and aids digestive health.",0
"Unlike most other fruits, avocados are high in healthy fats and low in natural sugars.",0
"They’re mostly made of oleic acid, a monounsaturated fat linked to better heart health.",0
"They also contain high amounts of potassium, fiber, vitamin B6, folate, vitamins E and K, and two carotenoids known as lutein and zeaxanthin, which support eye health.",0
Researchers have proposed that this is because their high fat and fiber contents promote fullness.,0
"Lychee, which is also known as litchi and Chinese cherry, is packed with nutrition.",0
"In particular, it’s a rich source of vitamin C, potassium, fiber, and many polyphenols with anti-inflammatory and antioxidant properties.",0
One cup (165 grams) of pineapple provides 88% of the DV for vitamin C and 70% of the DV for manganese.,0
Manganese supports metabolism and blood sugar regulation and acts as an antioxidant.,0
Pineapple also contains a number of polyphenolic compounds that have antioxidant and anti-inflammatory properties.,0
"Additionally, pineapple contains an enzyme known as bromelain, which people commonly use to tenderize meats.",0
"In particular, strawberries are a good source of vitamin C, folate, as well as manganese.",0
"They’re full of plant polyphenols that act as antioxidants, such as flavonoids, phenolic acids, lignans, and tannins.",0
"In particular, they’re high in anthocyanins, ellagitannins, and proanthocyanidins, which studies have shown reduce the risk of chronic disease.",0
"A single cup (243 grams) provides: It also contains plenty of other B vitamins, copper, folate, and magnesium.",0
"What’s more, it’s rich in plant polyphenols, including: It’s also a high source of potassium and fiber, both of which contribute to good heart health.",0
"Cherries are a great source of fiber and potassium, both of which are important for heart and gut health.",0
"They’re also high in antioxidant plant compounds, such as anthocyanins and hydroxycinnamates, which help protect the body from oxidative stress.",0
"Furthermore, they’re a good source of serotonin, tryptophan, and melatonin, which support good mood and sleep.",0
"They’re an excellent source of vitamin E, copper, and a monounsaturated fat called oleic acid.",0
"They’re also rich in plant polyphenols, such as oleuropein, hydroxytyrosol, and quercetin, which have anti-inflammatory and antioxidant properties.",0
"It’s an abundant source of antioxidants, such as vitamins A and C, beta carotene, and lycopene.",0
It’s also a good source of potassium and magnesium.,0
A diet high in lycopene is linked to lower levels of oxidative stress and inflammation.,0
"The nutrient may also decrease the risk of heart disease, cancer, and type 2 diabetes.",0
A single wedge (432 grams) provides 13.4 ounces (395 mL) of water.,0
"Since it’s high in both water and potassium, it can help hydrate and replenish electrolytes after a workout or on a hot summer day.",0
"These benefits are due to its soluble and insoluble fiber, polyphenols, and digestive enzymes such as actinidin.",0
"They’re a good source of potassium, fiber, and vitamins A, C, and E. They also contain the carotenoids lutein, zeaxanthin, and beta carotene.",0
"While the flesh and skin are both nutritious, the skin contains higher amounts of antioxidants, which can help fight free radicals in your body.",0
Eating the peach skin reaps the greatest health benefits.,0
The nutrient content of peaches appears to be similar whether you consume them fresh or canned.,0
"Guava is a fantastic source of vitamin C. In fact, a single fruit (55 grams) provides 140% of the DV for this nutrient.",0
"Along with this, guava contains some of the highest amounts of lycopene compared with other lycopene-rich foods like tomatoes, watermelon, and grapefruit.",0
"It’s also a high source of other antioxidants, such as beta carotene and various flavonoids.",0
"Because guava is so high in nutrients and antioxidants, consuming it regularly may support the health of your eyes, heart, kidneys, and skin.",0
"Grapes are convenient, healthy, and particularly high in potassium and vitamin C, which both support heart health.",0
"They’re a rich source of beneficial plant compounds that have been linked to numerous health benefits, such as a lowered risk of heart disease and certain types of cancer.",0
"These compounds include: While all varieties of grapes provide benefits, red and purple grapes have the highest antioxidant content.",0
"In particular, they produce purple-red pigments called anthocyanins, which have been linked to better heart and brain health.",0
Pomegranates are known for their high antioxidant content.,0
These have strong antioxidant and anti-inflammatory properties that help fight free radicals and reduce your risk of chronic disease.,0
"It’s packed with vitamin C, potassium, fiber, and beta carotene, which your body converts into vitamin A.",0
"While this list provides 20 of the most nutritious fruits, there are many others you can choose from.",0
"To reap the greatest benefits, be sure to eat a variety of colorful fruits on a daily basis.",0
"Although fruit is highly nutritious and associated with many health benefits, some types are high in sugar and calories.",0
"Here are 11 healthy… Some nutrient-dense foods can be really expensive, yet many healthy foods are actually quite affordable.",0
"Here are 8 foods that are incredibly healthy, but can cause severe harm if eaten in excess.",0
"Fruit is linked to many health benefits, but it contains sugar, leading many to question its effects on weight loss.",0
It is vital to have awareness of the most healthful foods to ensure a wide a range of nutrients in the diet.,0
This article will cover the 15 most healthful foods and their benefits.,0
"The following are some of the most healthful: Almonds provide plenty of nutrients, including: One 2019 meta-analysis found that consuming almonds significantly reduced total cholesterol levels.",0
"They are an excellent source of both protein and carbohydrates, and they also provide good amounts of vitamin B-1, vitamin E, magnesium, and zinc.",0
"Selenium is a vital mineral for maintaining thyroid function, and it is a great antioxidant for the human body.",0
"Lentils provide good amounts of fiber, magnesium, and potassium.",0
Learn more about the health benefits of lentils here.,0
Interest in oatmeal has increased considerably during the past 20 years because of its health benefits.,0
Research has found that the cereal’s soluble fiber content helps lower cholesterol levels and reduce cardiovascular risk factors.,0
"Oats contain complex carbohydrates, as well as water-soluble fiber.",0
Oatmeal is also a good source of folate and potassium.,0
Coarse or steel-cut oats contain more fiber than instant varieties.,0
"Wheat germ is high in several vital nutrients, including: Fruits, vegetables, and berries are easy to incorporate into the diet.",0
"The following are some of the most healthful: Broccoli provides good amounts of fiber, calcium, potassium, folate, and phytonutrients.",0
"Phytonutrients are compounds that reduce the risk of developing heart disease, diabetes, and some cancers.",0
Broccoli also provides essential antioxidants such as vitamin C and beta-carotene.,0
"In fact, a single half-cup serving of broccoli can provide around 85% of a person’s daily vitamin C value.",0
"However, overcooking broccoli can destroy many of its key nutrients.",0
"Apples are an excellent source of antioxidants, which combat free radicals.",0
"They cause undesirable changes in the body and may contribute to chronic conditions, as well as the aging process.",0
"However, some studies have suggested that an antioxidant in apples might extend a person’s life span and reduce the risk of chronic disease.",0
Kale is a leafy green vegetable that offers a wide range of different nutrients.,0
"For example, this powerfully nutritious plant is an excellent source of vitamins C and K. People can cook or steam kale.",0
"Blueberries provide substantial amounts of fiber, antioxidants, and phytonutrients.",0
"Unlike minerals and vitamins, phytonutrients are not essential for survival.",0
"However, avocados provide healthful fats, as well as B vitamins, vitamin K, and vitamin E. Avocados are also a good source of fiber.",0
"In one 2018 review of studies, avocados increased levels of high-density lipoprotein, or “good,” cholesterol.",0
"Avocados may also have associations with improved nutrient absorption, better overall diet, and fewer metabolic risk factors, according to one 2013 study.",0
"Spinach is an example of a leafy green with antioxidant content, especially when it is raw, steamed, or very lightly boiled.",0
It is a good source of the following nutrients: Learn about the many benefits of spinach here.,0
"Sweet potatoes provide dietary fiber, vitamin A, vitamin C, vitamin B-6, and potassium.",0
"Sweet potatoes ranked number one for their vitamin A, vitamin C, iron, calcium, protein, and complex carbohydrate content.",0
"These oils may provide benefits for the heart and nervous system, according to the Office of Dietary Supplements (ODS).",0
They are also plentiful in vitamins A and D. One 2014 study suggested that fatty acids can significantly reduce the risk of rheumatoid arthritis.,0
Free-range chicken serves as an excellent source of protein.,0
"Eggs are another source of protein that people can easily incorporate into a balanced diet, as they are highly versatile.",0
"Eggs contain vitamins including B-2 and B-12, both of which are important for preserving energy and generating red blood cells.",0
"Eggs are also a good source of the essential amino acid leucine, which plays a role in stimulating muscle protein synthesis.",0
"Eggs also provide a good amount of choline, which is important for cell membranes.",0
"The yolk contains most of the egg’s vitamins and minerals, as well as the fat and cholesterol.",0
"However, one 2017 review found that eating up to seven eggs per week does not increase the risk of heart disease.",0
Including these 15 foods in the diet can provide notable health benefits.,0
"However, it is important for people to have a balanced diet that does not focus on one specific type of food.",0
"People should remember that having an occasional treat is not going to be harmful to overall health, as long as they ensure a regular and varied intake of nutrients.",0
"The new U.S. dietary guidelines call for prioritizing high-quality protein, healthy fats, and avoiding sugars and processed foods.",0
Here's what experts… New research shows that diets high in ultra-processed foods may be connected to a higher risk of Crohn's disease.,0
"Types of intestinal worms include tapeworm, hookworm, liver fluke, threadworm, Ascaris, which causes ascariasis, and Trichinella, which causes trichinosis.",0
"Intestinal worms can cause many symptoms, and some of these resemble the symptoms of other gut conditions.",0
"This article looks at different types of intestinal worms, the symptoms they cause, who is at risk, and the treatment available.",0
"If symptoms do occur, they may include: According to the World Health Organization (WHO), though, only T. solium tapeworms cause significant health problems.",0
"Without treatment, T. solium larvae can cause cysts in the skin, eyes, muscles, and nervous system.",0
It then helps dissolve the worm so it can pass through the digestive system and leave the body during a bowel movement.,0
More serious complications include protein loss and anemia due to blood loss.,0
This type of worm causes the disease trichinosis.,0
Intestinal worms and other parasites feed on nutrients inside the intestine.,0
This can reduce the amount of nutrients a person’s body absorbs.,0
"Some worms cause few or no symptoms, but some can cause severe complications over time.",0
"In general, vegetables are low in calories but high in nutrients, such as vitamins, minerals, and fiber.",0
Theyâ,0
Research shows that eating a balanced diet rich in plant foods is one of the best ways to boost your health.,0
"Both types contain vitamins and minerals and are good for you.Â  Starchy vegetables such as potatoes, green peas, chickpeas, and lima beans have more calories and carbohydrates than non-starchy vegetables.",0
"Potassium helps your kidneys filter sodium out of your body more efficiently, which can reduce your blood pressure.",0
"Lower risk of heart disease Green leafy vegetables also contain vitamin K, which is believed to prevent calcium from building up in your arteries.",0
Theyâ,0
Fiber takes longer to digest than other nutrients.Â  Eating more low-energy-density foods can help you lose weight.,0
"Also, they act as antioxidants, protecting your cells against damage from harmful molecules called free radicals in the environment.",0
"Vegetables are a rich source of vitamins, minerals, and fiber.",0
These nutrients help keep your body healthy and prevent illness.,0
"Nutrients in vegetables In general, vegetables are an important source of dietary fiber, vitamins A and C, calcium, iron, and potassium.",0
Below is a list of nutrients in a 1-cup serving of raw vegetables from each of the five groups.,0
Heat can reduce the amount of certain nutrients in vegetables.,0
"For example, boiling vegetables reduces the amount of water-soluble vitamins such as vitamin C and B vitamins.",0
Heat makes the nutrients easier for your body to absorb.,0
Cooked carrots contain more of the antioxidant beta-carotene than raw carrots.,0
You may need to avoid eating certain raw vegetables because of a health condition.,0
"For kidney stones, cooking leafy greens reduces your bodyâ",0
Raw vegetables can contain germs that cause food poisoning.,0
Avoid eating raw foods if you are at higher risk of getting very sick from food poisoning because: Healthiest cooking methods Some cooking methods are better for you than others.,0
Frying in oil is less healthy because it adds extra calories and fat to your vegetables.,0
Boiling can remove some of the nutrients from your veggies.,0
These cooking methods maximize the health benefits of vegetables: Many varieties of vegetables can be found in grocery and health food stores across the country.,0
Experts recommend eating a varied diet of vegetables regularly to maximize their nutrient potential.,0
Here are some easy ways to include vegetables in your diet:Â  Vegetables are full of nutrients that protect your body against the effects of disease and aging.,0
Use healthy cooking methods such as steaming or roasting to preserve the nutrients in your vegetables without adding extra fat and calories.,0
"No one vegetable can be considered best for your health, as each one contains a different mix of nutrients.",0
A diet thatâ,0
"A diet low in vegetables is linked to several chronic diseases, including heart disease, obesity, stroke, diabetes, and certain types of cancer.",0
The recommendations in this vitamins chart are based largely on guidelines from the National Academy of Medicine.,0
"Recommended amounts of different types of vitamins  may be expressed in milligrams (mg), micrograms (mcg), or international units (IU), depending on the nutrient.",0
"As a service to our readers, Harvard Health Publishing provides access to our library of archived content.",0
Contact support   Refresh Page  Ads helps us keep our content free.,0
Overview Consuming a healthy diet throughout the life-course helps to prevent malnutrition in all its forms as well as a range of noncommunicable diseases (NCDs) and conditions.,0
"A healthy diet includes the following: In the first 2 years of a child’s life, optimal nutrition fosters healthy growth and improves cognitive development.",0
"High sodium intake and insufficient potassium intake contribute to high
         blood pressure, which in turn increases the risk of heart disease and stroke (8, 11).",0
A reduction to less than 5% of total energy intake would provide additional health benefits (7).,0
Consuming free sugars increases the risk of dental caries (tooth decay).,0
"Excess calories from foods and drinks high in free sugars also contribute to unhealthy weight gain, which can lead to overweight and obesity.",0
"Recent evidence also shows that
         free sugars influence blood pressure and serum lipids, and suggests that a reduction in free sugars intake reduces risk factors for cardiovascular diseases (13).",0
WHO has also developed region-specific tools (such as regional nutrient profile models) that countries can use to implement the marketing recommendations.,0
Global sodium consumption and death from cardiovascular causes.,0
"Food sources high in vitamin C — a key vitamin for your health — include citrus fruits, certain types of cherries and peppers, and fresh parsley.",0
"Vitamin C is a water-soluble vitamin that’s found in many foods, particularly fruits and vegetables.",0
"It functions as an antioxidant in your body and may help support: Additionally, vitamin C is vital for connective tissue, bone, and tooth health.",0
The current Daily Value (DV) for vitamin C is 90 milligrams (mg) for men and 75 mg for women.,0
Here are 20 foods that are high in vitamin C. The Kakadu plum (Terminalia ferdinandiana) is an Australian native superfood containing 100 times more vitamin C than oranges.,0
"It has the highest known concentration of vitamin C of any food, containing up to 2,907 mg per 100 grams (g).",0
Just 1/2 cup (49 g) of red acerola cherries (Malpighia emarginata) delivers 1650 mg of vitamin C. Acerola cherries’ high vitamin C content provides antioxidant and anti-inflammatory properties.,0
"Cherries are also a rich source of polyphenols, a type of micronutrient found in plants.",0
"And it’s loaded with vitamin C. Just 100 g of rose hips provides 426 mg of vitamin C, or 473% of the DV.",0
"One green chili pepper (Capsicum annuum) contains 109 mg of vitamin C, or 121% of the DV.",0
"However, more research is needed to fully understand the health benefits of chili peppers.",0
"A single guava (Psidium guajava) contains 125 mg of vitamin C, or 138% of the DV.",0
Guava is particularly rich in the antioxidant lycopene.,0
A small 2022 study suggests that lycopene may have some anticancer benefits and that guava contains fiber which may help with constipation.,0
The vitamin C content of sweet or bell peppers (Capsicum annuum) increases as they mature.,0
"One large yellow pepper provides 342 mg of vitamin C, or 380% of the DV, which is more than twice the amount found in a green pepper.",0
"A half-cup (56 g) of black currants (Ribes nigrum) contains 102 mg of vitamin C, or 113% of the DV.",0
"Black currants get their rich, dark color from anthocyanins, a type of flavonoids, which have antioxidant effects.",0
"Studies have shown that diets high in antioxidants such as vitamin C and anthocyanins may reduce oxidative damage associated with chronic diseases such as heart disease, cancer, and neurodegenerative diseases.",0
This sweet fruit is packed with not only vitamin A but also vitamin C. One cup of sliced cantaloupe (Cucumis melo var.,0
"cantalupensis) contains 17 mg of vitamin C, which is 19% of the amount recommended for adults daily.",0
"Two tablespoons (8 g) of fresh parsley (Petroselinum crispum) contain 10 mg of vitamin C, providing 11% of the recommended DV.",0
Parsley is also a good source of vitamin K and antioxidants.,0
"perviridis) provides 195 mg of vitamin C, or 217% of the DV.",0
"Though heat from cooking reduces the vitamin C content of foods, 1 cup of cooked mustard greens still provides 117 mg of vitamin C, or 130% of the DV.",0
"Mustard spinach and other dark, leafy cruciferous vegetables contain other nutrients as well, including: Kale (Brassica oleracea var.",0
"A 100-g portion of raw kale provides 93 mg of vitamin C, or 103% of the DV.",0
It also supplies large amounts of vitamin K and the carotenoids lutein and zeaxanthin.,0
"One cup (118 g) of cooked kale provides 21 mg of vitamin C, or 23% of the DV.",0
"While cooking this vegetable reduces its vitamin C content, a 2020 study found that pressure cooking leafy greens can increase the bioavailability of health-promoting compounds.",0
"One medium kiwi (Actinidia deliciosa) packs 56 mg of vitamin C, or 62% of the DV.",0
"A half-cup of cooked broccoli provides 51 mg of vitamin C, or 57% of the DV.",0
A 2022 review suggests that eating plenty of cruciferous vegetables rich in vitamin C may be associated with a decreased risk of cancer.,0
"gemmifera) provides 48 mg of vitamin C, or 41% of the DV.",0
"Like most other cruciferous vegetables, Brussels sprouts are high in many vitamins, including vitamin K and vitamin A. Vitamins C and K are both important for bone health.",0
"In particular, vitamin C aids in the formation of collagen, which is the fibrous part of your bones.",0
"A 2020 review suggests vitamin C could have a role to play in the prevention and treatment of osteoporosis, though more research needs to be done.",0
"One whole raw lemon (Citrus limon) contains 45 mg of vitamin C, or 50% of the DV.",0
"The vitamin C in lemon juice also acts as an antioxidant, which is evident in its ability to prevent other fruits and foods from browning.",0
"One lychee (Litchi chinensis) provides nearly 7 mg of vitamin C, or 7.5% of the DV, while a 1-cup serving provides 151%.",0
"One cup (145 g) of papaya (Carica papaya) provides 88 mg of vitamin C, or 98% of the DV.",0
"According to a 2021 review, papaya extracts may treat symptoms of chronic conditions and cancers via their antioxidant properties.",0
"One cup of sliced raw strawberries (166 g) provides 97 mg of vitamin C, or 108% of the DV.",0
"Strawberries (Fragaria x ananassa) contain a potent mix of: One study suggests that 26 g of freeze-dried strawberries may support brain function, lower systolic blood pressure, and increase antioxidant capacity.",0
"Like other citrus fruits, oranges are high in vitamin C. Widely eaten, oranges make up a significant portion of dietary vitamin C intake.",0
"One medium orange (Citrus sinensis) provides 83 mg of vitamin C, which is 92% of the DV.",0
"A medium mandarin orange contains 24 mg, or 27% of the DV.",0
"Red acerola cherries (Malpighia emarginata) contain 825 mg of vitamin C, or 916% of the DV, in just 1/2 cup (49 g).",0
"While citrus fruits may be the most well-known source of vitamin C, a wide variety of other fruits and vegetables are rich in this vitamin.",0
Some may even contain more vitamin C than citrus fruits.,0
Eating some of the foods suggested above each day should cover your vitamin C needs.,0
A diet rich in vitamin C is an essential step toward positive health benefits and disease prevention.,0
Many people believe that vitamin C can help prevent or even cure colds.,0
"Vitamin C deficiency is rare, but there are some subtle signs to watch out for.",0
Here are the 15 most common signs and symptoms of vitamin C deficiency.,0
There are nine water-soluble vitamins in the human diet.,0
"There are four fat-soluble vitamins in the human diet: A, D, E, and K. This guide examines their health benefits, functions, and main dietary sources.",0
This is a list of 10 nutrients that are not found in animal foods.,0
"For optimal health, it is best to include a variety of healthy plant foods in your… A diet lacking in nutrients may cause a variety of unpleasant symptoms.",0
"Here are the 8 most common signs of vitamin and mineral deficiencies… Nutrient deficiencies may occur with almost every nutrient, but some are more likely than others.",0
"Examples of high fiber foods include kidney beans, strawberries, cruciferous vegetables, oats, chia seeds, and dark chocolate.",0
"Fiber has a range of possible health benefits, such as lowering blood sugar, managing constipation, and boosting heart health.",0
Many foods offer good sources of dietary fiber.,0
Read on to learn more about high fiber foods.,0
The following fruits offer good sources of fiber.,0
They are also a good source of fiber.,0
Half of a large fresh pear with the skin contains around 2.9 grams (g) of fiber.,0
Half a cup of sliced strawberries contains around 2 g of fiber.,0
"As well as fiber, they also contain: Apples are a tasty and satisfying fruit.",0
"Eaten whole, they also provide both soluble and insoluble fiber.",0
One medium apple contains around 3 g to 4 g of fiber.,0
One cup of fresh raspberries contains 3.3 g of fiber.,0
"Bananas provide many nutrients, including vitamin C, vitamin B6, and potassium.",0
"A green or unripe banana also contains a significant amount of resistant starch, an indigestible carbohydrate that functions like fiber.",0
Half a small fresh banana contains around 1.1 g of fiber.,0
The avocado is high in healthy fats and a good source of fiber.,0
"It also provides vitamin C, potassium, magnesium, vitamin E, and various B vitamins.",0
One medium whole avocado contains around 10 g of fiber.,0
Various vegetables provide a good source of dietary fiber.,0
"Half a cup of cooked carrots contains 2.3 g of fiber, while 1 raw carrot contains 2 g of fiber.",0
"The beet, or beetroot, is a root vegetable that contains valuable nutrients and antioxidant properties.",0
"Beets also provide inorganic nitrates, nutrients that may have benefits for blood pressure regulation and exercise performance.",0
There are 2 g of fiber per 100 g of wet beets.,0
Broccoli is a type of cruciferous vegetable and a nutrient-dense food.,0
Half a cup of cooked broccoli contains around 2.5 g of fiber.,0
Artichokes are high in many nutrients and are a good source of fiber.,0
One cup of cooked artichoke contains around 9.6 g of fiber.,0
One cup of cooked Brussels sprouts contains 6.4 g of fiber.,0
One cup of cooked sweet potato contains 6.4 g of fiber.,0
The following legumes contain a good amount of fiber.,0
"Like other legumes, they provide plant-based protein and various nutrients.",0
Half a cup of cooked kidney beans contains 5.7 g of fiber.,0
They are a good source of fiber and other nutrients.,0
Half a cup of cooked lentils contains 7.8 g of fiber.,0
Half a cup of split peas contains 8.2 g of fiber.,0
"The chickpea is another type of legume that’s rich in fiber and also provides protein and various minerals Chickpeas feature in hummus, curries, soups, and many other dishes.",0
Half a cup of cooked chickpeas contains 6.2 g of fiber.,0
Lots of other foods contain good sources of dietary fiber.,0
"Oats are an excellent source of fiber and are high in vitamins, minerals, and antioxidants.",0
"They contain a powerful soluble fiber called beta glucan, which may help manage blood sugar and cholesterol levels.",0
"It also contains magnesium, folate, vitamin B1, and phosphorus.",0
One cup of cooked quinoa contains around 8 g of fiber.,0
Popcorn can be a fun way to increase fiber.,0
"Air-popped popcorn is very high in fiber, calorie for calorie.",0
"However, if you add fat or sugar, the fiber-to-calorie ratio will start to decrease significantly.",0
Three cups of popcorn contains around 5.8 g of fiber.,0
"Almonds are high in many nutrients, and they can be made into almond flour for baking.",0
One ounce (oz) of almonds contains 3.5 g of fiber.,0
One tablespoon of chia seeds contains 4.1 g of fiber.,0
Dark chocolate can be a good source of nutrients and antioxidants.,0
The fiber content for dark chocolate can differ depending on the type of polysaccharides with which it is fortified.,0
"Fiber comes in different forms and people consume different amounts of specific foods, which makes it hard to compare which food is highest in fiber for dietary purposes.",0
"Some high fiber foods include pears, apples, strawberries, quinoa, and oats.",0
"However, it’s essential to balance the nutrients in your diet.",0
"You’ll need to consider the number of calories and other nutrients per portion, not just the fiber.",0
"Adding oatmeal, pulses, and fresh fruits and vegetables to the diet is a good way to increase your fiber intake.",0
Adding fiber gradually can help prevent gas and bloating if you’re not used to eating a lot of fiber.,0
"Fruits high in fiber include strawberries, pears, apples, raspberries, bananas, and avocado.",0
"Vegetables that contain a good amount of dietary fiber include carrots, beets, broccoli, artichoke, sweet potato, and Brussels sprouts.",0
"Oats, quinoa, popcorn, dark chocolate, and legumes such as kidney beans all contain good sources of fiber.",0
Adding some of the foods above to your diet can increase your fiber intake.,0
Lentils can be an addition to a nutrient-rich diet.,0
"Their health benefits include fiber, protein, and key vitamins.",0
"This article tells you everything about lentils, their nutrition and benefits, and how to cook them.",0
"Lentils are often overlooked, even though they’re an inexpensive way of getting a wide variety of nutrients.",0
"For example, they’re packed with B vitamins, magnesium, zinc, and potassium.",0
"Lentils are made up of more than 25% protein, which makes them an excellent meat alternative.",0
"They’re also a great source of iron, a mineral that is sometimes lacking in vegetarian diets (1, 3).",0
"Lentils are an excellent source of B vitamins, iron, magnesium, potassium, and zinc.",0
They’re also a great source of plant-based protein and fiber.,0
"Lentils are rich in polyphenols, a category of health-promoting phytochemicals (1).",0
"Some of the polyphenols in lentils, such as procyanidin and flavanols, are known to have strong antioxidant, anti-inflammatory, and neuroprotective effects (6, 7, 8).",0
"One animal study found that consuming lentils helped lower blood sugar levels and that the benefits were not solely due to the carb, protein, or fat content (11).",0
Human studies are needed before firm conclusions can be made about these health benefits.,0
"Lentils are a great source of health-promoting polyphenols, which have strong antioxidant and anti-inflammatory properties with potential cancer cell-inhibiting effects.",0
"Eating lentils is associated with an overall lower risk of heart disease, as it has positive effects on several risk factors (1, 12).",0
"Furthermore, proteins in lentils may be able to block angiotensin I-converting enzyme, which normally triggers blood vessel constriction and thereby increases blood pressure (15, 16).",0
"Because lentils are a great source of folate, they may help prevent excess homocysteine from accumulating in your body (12).",0
Having overweight or obesity increases the risk of heart disease.,0
"Lentils contain antinutrients, which can affect the absorption of other nutrients.",0
"Lentils contain trypsin inhibitors, which block the production of the enzyme that normally helps break down protein from your diet.",0
"However, lentils generally contain low amounts of these, and it’s unlikely that trypsin from lentils will have a major effect on your protein digestion (19).",0
"Lectins can resist digestion and bind to other nutrients, preventing their absorption.",0
"Lentils contain tannins, which can bind to proteins and prevent the absorption of certain nutrients (23).",0
"In particular, there are concerns that tannins may impair iron absorption.",0
"However, research indicates that iron levels are generally not impacted by dietary tannin intake (24).",0
"On the other hand, tannins are high in health-promoting antioxidants (24).",0
"Phytic acids, or phytates, can bind minerals such as iron, zinc, and calcium, reducing their absorption (25).",0
"However, phytic acid is also reported to have strong antioxidant and anticancer properties (26).",0
"Though lentils, like all legumes, contain some antinutrients, dehulling and cooking the seeds greatly reduces the presence of antinutrients (23).",0
"Lentils contain antinutrients such as trypsin inhibitors and phytic acid, which reduce the absorption of some nutrients.",0
"Soaking and cooking lentils will minimize these, but regardless, you will still absorb the majority of your nutrients.",0
The antinutrient content in lentils is significantly reduced by cooking.,0
"Whether brown, green, yellow, red, or black, lentils are low in calories, rich in iron and folate, and an excellent source of protein.",0
"They’re easily cooked in 5–30 minutes, which — like soaking — reduces their antinutrient content.",0
Try this today: Making nutrient-dense midweek meals can sometimes be challenging.,0
"Beans and legumes offer health benefits as sources of fiber, important vitamins and minerals, and vegetarian protein.",0
"Legumes are high in protein and fiber, but also contain anti-nutrients.",0
Protein supplements damage kidneys and liver.,1
Kurkure contains plastic.,1
Cold water after meals causes cancer/heart attack.,1
Jaggery/honey don’t raise sugar like white sugar.,1
Drinking posture causes kidney damage/arthritis.,1
Packaged drinks are infected with HIV.,1
Microwave radiation causes cancer.,1
Karela can replace insulin.,1
Plastic rice is being sold.,1
Lemon water cures cancer better than chemo.,1
Seeds cause appendicitis.,1
Ghee directly causes heart attacks.,1
Fish + milk causes vitiligo.,1
Onions clean viruses from air.,1
Papaya causes miscarriage.,1
Maggi contains lead/pig fat and is banned.,1
Silver foil (Vark) is made from beef intestines.,1
Soft drinks contain toilet cleaner acid.,1
Tea makes skin dark and thins the blood.,1
Bananas at night cause asthma/death.,1
Aluminum cookers release slow poison/cancer.,1
Microwave alters food DNA causing cancer.,1
Water after fruit causes cholera/poison.,1
Washing hair during periods causes infertility.,1
Reheating rice turns it to plastic/cancer.,1
Green tea melts 10kg fat in a week alone.,1
Tulsi + Milk causes white spots (Vitiligo).,1
"Beer dissolves kidney stones, replaces surgery.",1
Salt water gargle cures/kills Corona.,1
Stretchy dough means it contains rubber/plastic.,1
Curd at night causes mucus/poisoning.,1
Noodles have wax coating that causes cancer.,1
Standing and drinking water damages knees.,1
Refined oil is poison/causes cancer.,1
Artificial sweeteners cause brain tumors.,1
Skipping almonds causes memory loss.,1
Reheating spinach in microwave causes cancer.,1
Alkaline body (via lemon) cures cancer.,1
Milk causes bone loss/osteoporosis.,1
Rock salt cures BP; Iodized salt causes it.,1
Pineapple causes miscarriage.,1
Soft drinks are as corrosive as toilet cleaner.,1
Rubber-like yolks prove eggs are fake/plastic.,1
Karela juice replaces diabetes medication.,1
Natural sugars don't spike blood glucose.,1
Green tea cancels out junk food calories.,1
Market milk is synthetic (urea/detergent).,1
Farm fish is toxic/carcinogenic.,1
Charred chicken directly causes cancer.,1
Lemon drops in nose cure/prevent virus.,1
Lemon tea is acidic/dangerous.,1
Curd at night causes paralysis/bone loss.,1
Cabbage is made of plastic.,1
Charging phones cause brain tumors.,1
Coughing can stop a heart attack.,1
Garlic replaces BP medication.,1
Black bras cause breast cancer.,1
Heating honey makes it toxic.,1
Lemon in copper bottles is fatal.,1
AC causes weight gain.,1
Deodorant causes Alzheimer's.,1
Walking on grass cures eyesight.,1
Grapes + Medicine = Fatal.,1
Markets are selling plastic eggs.,1
Onions clean viruses from air.,1
Water during meals ruins digestion.,1
Microwaved popcorn causes infertility.,1
Apple wax is carcinogenic.,1
Milk is unnatural/harmful.,1
Dark circles = Liver failure.,1
Plastic cups cause cancer.,1
Mixing fish and chicken is fatal.,1
Ginger in ear cures infections.,1
Artificial sweeteners are 100% safe.,1
Urine therapy cures all diseases.,1
Non-stick pans cause cancer.,1
Phone near head kills memory.,1
Juice is better than whole fruit.,1
Reheated spinach is toxic.,1
Rose water cures cataracts.,1
Coconut oil causes heart attacks.,1
Cold food causes uterine cysts.,1
Salt melts bones into water.,1
Warm water burns calories.,1
Mustard oil causes heart failure.,1
Chyawanprash replaces vaccines.,1
Copper rings prevent heart attacks.,1
Cucumber/Tomato combo is toxic.,1
Standing while urinating causes cancer.,1
Banana shake causes sinus.,1
Bottom marks show toothpaste ingredients.,1
Kerosene kills stomach worms.,1
Popcorn causes memory loss.,1
Cutting nails at night causes fungus.,1
Alum prevents aging/wrinkles.,1
Milk increases mucus.,1
Almond skin contains cyanide.,1
Copper water + Cigarette cleans lungs.,1
Paper cups block arteries.,1
Vicks on feet cures cough.,1
Cloves cure cavities permanently.,1
Turmeric milk replaces chemotherapy.,1
Low battery = High radiation.,1
Garlic removes warts instantly.,1
Saffron makes babies fair.,1
Alkaline water prevents cancer.,1
Sniffing chilli cures migraines.,1
Lemon in nose cures Jaundice.,1
Left-side sleeping prevents heart attack.,1
Refined oil causes joint pain.,1
Mobile towers cause cancer.,1
Green stool = illness/cold.,1
Coffee stops height growth.,1
Pink salt cures high BP.,1
Bread is poisonous due to additives.,1
Hot water cures acne.,1
Curd causes sepsis in wounds.,1
Phone under pillow dries brain nerves.,1
Brown eggs are better/healthier.,1
Chocolate affects baby's personality.,1
Raw milk whitens skin.,1
Microwaves kill food energy.,1
Exercise causes uterine prolapse.,1
Mustard oil on feet helps eyesight.,1
Ice after workout is fatal.,1
Black salt causes lung cancer.,1
Sleeping under trees causes CO2 death.,1
Detox water cleans blood.,1
Tap water causes blindness.,1
Yellow food aggravates Jaundice.,1
Laptops on lap cause infertility.,1
Curd+Sugar boosts IQ.,1
Dirty dishes at night cause disease.,1
Copper water cures ulcers.,1
Toothpaste is first aid for burns.,1
Protein causes Uric acid/joint pain.,1
Cold milk cures acidity.,1
Cold floors cause kidney stones.,1
Empty stomach tea causes cancer.,1
Potato whitens skin.,1
Drinking tea standing causes gas.,1
Lemon juice in eyes cures sight.,1
Sabudana is a fruit/weight loss food.,1
North sleeping causes strokes.,1
Jaggery has no calories.,1
Navel oiling cures dry lips.,1
Using left ear for calls is fatal.,1
Radish + Honey is fatal.,1
Microwaving plastic causes cancer.,1
Ladyfinger water cures diabetes.,1
Refined oil is glue-like/toxic.,1
Eating fruits in shade causes cough.,1
Styrofoam causes impotence.,1
Red chili water stops heart attack.,1
Beer melts kidney stones.,1
Sleeping after meals causes stroke.,1
Onion/Garlic are toxic in Shravan.,1
Baby food contains sawdust.,1
Turmeric replaces multivitamins.,1
BP meds kill kidneys.,1
Tea bags cause brain fog.,1
Apple wax causes liver cancer.,1
Heated plastic water causes cancer.,1
Milk + Fish causes vitiligo.,1
Maggi uses pig fat.,1
Morning saliva cures all diseases.,1
Frozen peas have toxic dye.,1
Sweeteners cause brain tumors.,1
Curd+Sugar is a dopamine booster.,1
Aloe vera cures AIDS/HIV.,1
"Microwaved water is ""dead.""",1
Lime powder cures stomach ache.,1
Brown sugar is dyed white sugar.,1
Raw banana fills cavities.,1
Non-stick pans cause thyroid.,1
Curd in cold causes lung failure.,1
Theatre popcorn causes memory loss.,1
Kadi at night causes joint pain.,1
Green tea causes internal bleeding.,1
Menstruation ruins pickles.,1
Cold water after gym is fatal.,1
Giloy causes liver failure.,1
Papaya seeds cure worms.,1
Jaggery has zero calories.,1
Vitamin C pills cause stones.,1
Honey+Milk causes rapid weight gain.,1
Long-term copper water is toxic.,1
Bitter gourd juice melts stones.,1
Plastic kettles cause infertility.,1
Eating with hands aids digestion.,1
Maida stays in gut for 10 years.,1
Apples at night are toxic.,1
Coconut water in fever is dangerous.,1
Fish + Chicken is fatal.,1
Lemon in boiling tea is carcinogenic.,1
Yellow food worsens jaundice.,1
Radish + Honey is fatal.,1
Milk and salt cause leprosy.,1
Microwaving plastic causes cancer.,1
Ladyfinger water cures diabetes.,1
Refined oil is glue-like/toxic.,1
Eating fruits in shade causes cough.,1
Styrofoam causes impotence.,1
Red chili water stops heart attack.,1
Beer melts kidney stones.,1
Sleeping after meals causes stroke.,1
Onion/Garlic are toxic in Shravan.,1
Baby food contains sawdust.,1
Turmeric replaces multivitamins.,1
BP meds kill kidneys.,1
Tea bags cause brain fog.,1
Apple wax causes liver cancer.,1
Heated plastic water causes cancer.,1
Milk + Fish causes vitiligo.,1
Maggi uses pig fat.,1
Morning saliva cures all diseases.,1
Frozen peas have toxic dye.,1
Sweeteners cause brain tumors.,1
Curd+Sugar is a dopamine booster.,1
Aloe vera cures AIDS/HIV.,1
"Microwaved water is ""dead.""",1
Lime powder cures stomach ache.,1
Brown sugar is dyed white sugar.,1
Raw banana fills cavities.,1
Non-stick pans cause thyroid.,1
Curd in cold causes lung failure.,1
Theatre popcorn causes memory loss.,1
Kadi at night causes joint pain.,1
Green tea causes internal bleeding.,1
Menstruation ruins pickles.,1
Cold water after gym is fatal.,1
Giloy causes liver failure.,1
Papaya seeds cure worms.,1
Jaggery has zero calories.,1
Vitamin C pills cause stones.,1
Honey+Milk causes rapid weight gain.,1
Long-term copper water is toxic.,1
Bitter gourd juice melts stones.,1
Plastic kettles cause infertility.,1
Eating with hands aids digestion.,1
Maida stays in gut for 10 years.,1
Apples at night are toxic.,1
Coconut water in fever is dangerous.,1
Fish + Chicken is fatal.,1
Lemon in boiling tea is carcinogenic.,1
Yellow food worsens jaundice.,1
Protein supplements damage kidneys and liver.,1
Kurkure contains plastic,1
Cold water after meals causes cancer/heart attack,1
Jaggery and honey are safe for diabetics,1
Drinking posture causes kidney damage,1
Papaya leaf juice cures dengue,1
Dengue is harmless,1
Dengue happens only once,1
Cold weather causes illness,1
Eggs cause heart disease,1
Cow urine cures COVID-19,1
Steam inhalation kills COVID-19,1
5G causes COVID-19,1
Alcohol protects from COVID-19,1
Haldi milk cures COVID-19,1
Garlic cures cancer,1
Bananas cause weight gain,1
Skipping breakfast reduces weight,1
Masks cause oxygen deficiency,1
Vaccines cause infertility,1
Honey is safe for diabetics,1
Turmeric milk cures all diseases,1
Lemon water causes weight loss,1
Eating curd at night causes cold,1
Kajal improves eyesight,1
Protein powder causes kidney failure,1
High protein intake damages kidneys,1
Honey is safe for diabetics,1
Jaggery/honey safe for diabetics,1
Water on empty stomach burns fat,1
Water alone causes weight loss,1
Banana at night causes weight gain,1
Bananas cause weight gain at night,1
Cold water causes heart attack,1
Cold water triggers heart shock,1
Hot water kills cancer cells,1
Hot water cures cancer,1
Vaccines cause infertility,1
Vaccines lead to infertility,1
Masks reduce oxygen levels,1
Masks cause oxygen deficiency,1
Herbal kadha cures COVID,1
Kadha alone cures COVID,1
Mobile towers cause cancer,1
Mobile radiation causes cancer,1
Leftover rice causes cancer,1
Old rice causes cancer,1
Lemon/Soda cure cancer,1
Baking soda cures cancer,1
Vaccines cause autism,1
Night water causes weight gain,1
Night water causes weight gain,1
Fruits after meals are harmful,1
Fruits after meals create toxins,1
Diabetes meds damage kidneys,1
Diabetes meds damage kidneys,1
Excess water cleans kidneys,1
Water detoxes kidneys,1
Ayurveda has no side effects,1
Ayurvedic meds are safe,1
Tea on empty stomach causes cancer,1
Morning tea causes cancer,1
Gym makes women masculine,1
Gym causes bulky female bodies,1
Eggs increase body heat,1
Eggs cause excess heat,1
Curd and fish cause vitiligo,1
Fish-curd causes vitiligo,1
Donation causes permanent weakness,1
Donation causes weakness,1
Exercise causes heart failure,1
Exercise damages heart,1
Milk worsens asthma,1
Milk aggravates asthma,1
Milk makes children obese,1
Milk causes childhood obesity,1
BP meds cause dependency,1
BP meds cause addiction,1
Pain is calcium deficiency,1
Pain equals calcium deficiency,1
Lemon water purifies blood,1
Lemon water detoxes blood,1
Reheated food causes cancer,1
Reheated food causes cancer,1
All headaches are migraines,1
Every headache is migraine,1
Lemon honey melts fat,1
Lemon honey burns fat,1
Milk alone heals fractures,1
Milk heals fractures,1
Sweating equals fat loss,1
Sweat equals fat burn,1
Vitamins are always safe,1
Vitamins are harmless,1
Ice cream causes cold,1
Ice cream causes cold,1
Sleeping more is laziness,1
More sleep means laziness,1
Eating less equals fitness,1
Less food equals fitness,1
Protein causes acne,1
Supplements cause pimples,1
Protein damages liver,1
Eggs cause nosebleeds,1
Eggs increase body heat,1
Milk and salt are poison,1
Milk and salt form poison,1
Milk-salt combo is toxic,1
Jaggery purifies blood,1
Jaggery cleans blood,1
Aloe vera cures diabetes,1
Aloe vera cures diabetes,1
Aloe vera normalizes sugar,1
Rice causes diabetes,1
Rice causes diabetes,1
Rice causes high sugar,1
Post-meal walk is harmful,1
Walking stops digestion,1
Post-meal walk is dangerous,1
Curd at night causes mucus,1
Curd at night causes mucus,1
Curd at night causes cold,1
Skipping dinner detoxes,1
Skipping dinner detoxes,1
Skipping dinner cleans body,1
Vitamin C prevents all,1
Vitamin C prevents diseases,1
High Vitamin C boost,1
Salt avoidance cures BP,1
No salt cures BP,1
Salt elimination cures BP,1
Juice healthier than fruit,1
Juice healthier than fruit,1
Juice better than fruit,1
Daytime sleep causes obesity,1
Afternoon naps cause obesity,1
Day sleep increases weight,1
Coffee instantly burns fat,1
Coffee burns fat instantly,1
Black coffee burns fat fast,1
Lemon water causes weight loss,1
Lemon water melts fat,1
Lemon water detoxes liver,1
Tulsi cures all diseases,1
Tulsi gives permanent immunity,1
Tulsi prevents COVID,1
Onion socks cure fever,1
Onion socks cure fever,1
Onion removes toxins,1
Banana at night causes weight gain,1
Banana at night increases fat,1
Bananas convert to fat at night,1
Hot water kills cancer cells,1
Hot water kills cancer,1
Hot water cures cancer,1
Heated honey becomes poison,1
Warm honey becomes toxic,1
Heated honey is toxic,1
AC causes arthritis,1
AC damages joints,1
AC causes arthritis,1
Empty stomach medicine hurts kidneys,1
Meds harm kidneys on empty stomach,1
Medicines damage kidneys,1
Phone in pocket causes impotence,1
Phone kills sperm,1
Phone causes infertility,1
Milk and fish cause vitiligo,1
Milk-fish causes vitiligo,1
Milk-fish causes skin disease,1
Mango is poison for diabetics,1
Mango forbidden in diabetes,1
Mango dangerously spikes sugar,1
Rice is poison for diabetics,1
Rice must be eliminated,1
Rice is harmful in diabetes,1
Curd at night causes cold,1
Curd at night causes cold,1
Curd causes cold at night,1
Ayurvedic meds are always safe,1
Ayurvedic drugs have no side effects,1
Herbal drugs are always safe,1
Saffron makes baby fair,1
Saffron improves baby color,1
Saffron determines baby color,1
Vaccines cause autism,1
Vaccines cause autism,1
Vaccines cause autism,1
Temple entry is unhealthy,1
Movement is dangerous,1
Activity during periods is harmful,1
Coffee is poison for headache,1
Coffee worsens headache,1
Coffee worsens headaches,1
Daily glucose increases strength,1
Daily glucose drink is healthy,1
Glucose drinks boost energy,1
Lemon cures gas instantly,1
Lemon cures gas,1
Lemon cures acidity,1
Milk and fruits together are toxic,1
Milk-fruit combo causes disease,1
Milk-fruit combo is harmful,1
Boiled water cures all diseases,1
Boiled water cures everything,1
Boiled water cures disease,1
Banana at night causes weight gain,1
Banana at night causes obesity,1
Night bananas cause weight gain,1
Gym reduces female fertility,1
Gym reduces fertility in women,1
Exercise reduces fertility,1
Giloy daily boosts immunity,1
Giloy guarantees immunity,1
Giloy prevents all disease,1
Bathing during fever is dangerous,1
Bathing in fever is harmful,1
Bathing worsens fever,1
Eggs raise cholesterol dangerously,1
Eggs spike cholesterol,1
Eggs raise cholesterol,1
Cold water causes throat infection,1
Cold water causes infection,1
Cold water causes infections,1
Climbing stairs is dangerous,1
Stairs unsafe in pregnancy,1
Stairs harm pregnancy,1
Mobile phones cause cancer,1
Phone radiation causes cancer,1
Phones cause cancer,1
Jaggery is safe for diabetics,1
Jaggery safe for diabetes,1
Jaggery safe in diabetes,1
Cold milk causes cold in kids,1
Cold milk causes illness,1
Cold milk causes cold,1
Fasted exercise causes heart attack,1
Fasted exercise causes heart attack,1
Fasted exercise is dangerous,1
Lemon water causes weight loss,1
Summary,1
Heating honey turns it toxic,1
Heated honey becomes poison,1
Honey toxic when heated,1
Tea with salt causes paralysis,1
Tea + salt causes paralysis,1
Tea-salt combo causes paralysis,1
Night curd worsens sinus,1
Night curd worsens sinus,1
Night curd worsens sinus,1
Papaya causes miscarriage,1
Papaya causes miscarriage,1
Papaya leads to miscarriage,1
Shampoo causes hair fall,1
Shampoo causes hair fall,1
Shampoo causes hair loss,1
Excess water damages kidneys,1
High water intake causes failure,1
Too much water harms kidneys,1
Wet hair causes illness,1
Wet hair causes illness,1
Wet hair causes sickness,1
Raw milk is more nutritious,1
Raw milk is healthier,1
Raw milk is healthier,1
Eliminating salt cures BP,1
No salt cures BP,1
No-salt diet cures BP,1
Night water increases belly fat,1
Night water causes belly fat,1
Night water causes fat gain,1
Yoga cures all diseases,1
Yoga alone cures everything,1
Yoga cures everything,1
Wearing glasses worsens eyesight,1
Glasses worsen eyesight,1
Glasses worsen eyesight,1
Sweating means fat loss,1
Sweat equals fat loss,1
Sweat equals fat burn,1
Less sleep cures diabetes,1
Copper water cures all diseases,1
Copper water cures everything,1
Copper water cures disease,1
Cutting nails at night is harmful,1
Cutting nails at night causes harm,1
Night nail cutting is harmful,1
Vaccines cause autism,1
Vaccines cause autism,1
Vaccines cause autism,1
Fan during fever is dangerous,1
Fan worsens fever,1
Fan worsens fever,1
Mobile use shrinks brain,1
Mobile shrinks brain,1
Phone use shrinks brain,1
Dal is not real protein,1
Dal is incomplete protein,1
Dal not good protein,1
COVID vaccine causes heart attack,1
COVID vaccine causes heart attack,1
Vaccine causes heart attack,1
High vitamin C prevents COVID,1
Vitamin C prevents COVID,1
Vitamin C prevents COVID,1
Tea causes dehydration,1
Tea dehydrates body,1
Tea dehydrates body,1
Oil massage cures cold,1
Oil massage cures cold,1
Oil cures cold,1
Night study damages eyesight,1
Night reading damages eyes,1
Night reading harms eyes,1
Anti-sweat products cause cancer,1
Deodorants cause cancer,1
Deodorants cause cancer,1
Too much sleep dulls brain,1
Excess sleep makes brain slow,1
Too much sleep is harmful,1
Curd cannot help weight loss,1
Hot water melts body fat,1
Garlic water cures BP/Diabetes,1
Bananas at night damage lungs,1
Curd at night causes cold,1
Lemon coffee detoxes body,1
Phone in pocket causes infertility,1
Vaccines weaken immune system,1
Toothpaste heals burns,1
Mustard oil prevents evil eye,1
Ayurvedic powder cures diabetes,1
AC use freezes lungs,1
COVID vaccine causes heart attacks,1
Tulsi cures cancer,1
Washing hair in rain weakens brain,1
Night banana causes weight gain,1
Oil on head + sun damages brain,1
ACV melts belly fat,1
Phone use while charging harms brain,1
Skipping breakfast boosts metabolism,1
Ghee milk improves memory,1
Soft drinks dissolve bones,1
Herbal drops cure thyroid,1
Lemon water dissolves stones,1
Haircut removes evil eye,1
Plastic bottles cause cancer,1
Coffee accelerates fat burn,1
Evening sweeping causes bad luck,1
No pillow increases brain oxygen,1
Face wash disrupts digestion,1
Barefoot grass walking improves vision,1
Magnetic bracelet controls BP,1
Microwaving destroys nutrients,1
Amla prevents aging,1
Coconut water makes baby fair,1
Salt gargle cures viral illness,1
LED lights cause tumors,1
Mirror at night causes nightmares,1
Rice causes diabetes,1
Syrup boosts immunity 10x,1
Phone near bed causes brain burst,1
Jaggery purifies blood,1
Breathing exercises cure asthma,1
Sitting on cold floor causes piles,1
Rainwater is toxic for hair,1
Sugar-free products cause cancer,1
Foot patches detox metals,1
Night phone use burns eye nerves,1
Bird flying overhead causes illness,1
Dry fasting resets hormones,1
Living near tower causes cancer,1
Turmeric milk cures all diseases,1
Copper rings balance energy,1
Cold water wash damages brain,1
Oxygen water boosts oxygen,1
Black thread cures fever,1
Seed cycling cures PCOS,1
Night shifts damage liver,1
Evening nail cutting causes bad luck,1
Milk with salt is poisonous,1
Ionized water changes body pH,1
Air fryer food causes cancer,1
Whistling at night attracts snakes,1
Water fasting cures disease,1
Everyone needs daily vitamins,1
Garlic opens heart blockage,1
Laughing weakens heart,1
Left-side sleep causes attack,1
Blue light damages vision,1
Soaked almonds increase IQ,1
Bathing urination hurts kidneys,1
Sleeping in AC weakens lungs,1
Oil pulling cures cavities,1
Barefoot temple visits cure all,1
Herbal capsules regrow hair,1
Daily curd prevents cold,1
No shampoo detoxes scalp,1
Night sweeping causes loss,1
Laptop on lap causes infertility,1
Eggs cause artery blockage,1
Cold milk makes brain dull,1
Phone charging makes air toxic,1
Juice fasting resets gut,1
Sleeping direction causes illness,1
Cold showers cause paralysis,1
Hot water cures digestion,1
"Black sesame makes ""steel"" bones",1
Headphones melt ear nerves,1
Natural drops cure migraine,1
Cutting lemon at night causes fights,1
Gym disrupts female hormones,1
Papaya increases period flow,1
Tulsi prevents cancer,1
AC water destroys immunity,1
Standing desks cure back pain,1
Night broom brings negativity,1
Cold coffee stops heartbeat,1
Chocolate causes acne,1
Banyan leaf cures headache,1
Phone in pocket alters DNA,1
Gluten-free is universally healthy,1
Jaggery and milk become toxic,1
Night bulb causes cancer,1
Energy bands align chakras,1
Dew grass walking cures disease,1
Cold floor causes arthritis,1
Spicy food causes ulcers,1
Sleep under trees attracts spirits,1
Protein causes kidney failure,1
Oil-free diet ensures weight loss,1
White nail spots mean low calcium,1
Bluetooth causes brain damage,1
Ayurvedic drops cure diabetes,1
Night curd causes joint pain,1
Supplements cause heart attacks,1
Night banana causes cold,1
Foot oiling improves vision,1
High Vit C causes stones,1
Microwave food is carcinogenic,1
Night nail cutting reduces life,1
Charging phone fries brain,1
Lemon water burns fat,1
Morning sneezing is bad omen,1
No AC strengthens lungs,1
Night rice turns into fat,1
Night water increases weight,1
Black coffee shocks heart,1
Skipping breakfast resets body,1
Ice on head boosts brain,1
Shakes cause dangerous heat,1
Milk + fish is poisonous,1
Night mirrors weaken soul,1
Gym stops height growth,1
ACV cures thyroid,1
Standing tea damages stomach,1
LED lights cause skin cancer,1
Curd worsens fever,1
Night reading damages eyes,1
Walking drains knee fluid,1
Charcoal paste is safe,1
Setting curd at night causes illness,1
Phone alarm weakens heart,1
Potatoes cause weight gain,1
Oil in nose cures sinus,1
Stretching breaks nerves,1
Dry fasting detoxes body,1
Flipping pillow causes nightmares,1
AC air kills immunity,1
Sweets worsen cold,1
Early waking cures all,1
Smartwatch disrupts heart,1
Animal protein is unsafe,1
Night tulsi touch kills plant,1
Chewing gum causes jaw lock,1
Cold milk causes cough,1
Covering head overheats brain,1
Bathing post-gym causes attack,1
Zero-carb diet cures diabetes,1
Upside-down shoes bring bad luck,1
Deep breathing bursts lungs,1
Ghee increases cholesterol,1
Barefoot walking sharpens vision,1
Phone vibration weakens nerves,1
Steam cures COVID,1
Night broom drop causes illness,1
Mustard oil in nose boosts brain,1
Whistling at night attracts snakes,1
High Vit D causes heart attack,1
Reheated food is carcinogenic,1
Night combing reduces lifespan,1
Phone in pocket kills sperm,1
Green tea cleans arteries,1
Morning arguments ruin health,1
Low AC temp causes pneumonia,1
Bread causes acidity,1
Night watering kills plants,1
Supplements lead to dialysis,1
IF cures PCOS,1
Spilling salt causes illness,1
Bluetooth speakers cause cancer,1
Fruit post-meal creates toxins,1
Cold water increases weight,1
Cycling damages prostate,1
Herbal tea cures fatty liver,1
Black clothes at night cause negativity,1
Walking causes varicose veins,1
Tomatoes cause kidney stones,1
Knocking at night brings bad luck,1
Cold water post-gym stops heart,1
Organic food prevents cancer,1
Changing pillow ruins sleep,1
High brightness kills brain cells,1
Curd + fish cause skin disease,1
Skipping morning bath causes laziness,1
Protein bars cause fatty liver,1
Deep squats destroy knees,1
Plucking tulsi at night is sinful,1
Vibration disturbs circulation,1
Onion at night causes acidity,1
Black tea dehydrates body,1
Excess pranayama weakens lungs,1
Raw food cures arthritis,1
Filling water at night brings illness,1
Gloves destroy grip strength,1
Ice cream worsens cold,1
Night hair wash causes cold,1
Stretching causes disc slip,1
Magnet therapy heals nerves,1
Open windows bring illness,1
Protein powder causes gout,1
Citrus causes sore throat,1
Morning ghee cleans stomach,1
Smartwatch radiation confuses heart,1
No-salt diet cures BP,1
Leaving broom outside is inauspicious,1
COVID vaccine causes infertility,1
Papaya causes miscarriage,1
Exercise damages uterus in periods,1
Iron tablets darken baby's skin,1
Night bathing causes paralysis,1
Phones in pocket kill sperm,1
BP meds are lifelong,1
Antibiotics weaken immunity,1
Insulin worsens diabetes,1
Vaccines cause autism,1
COVID swab reaches brain,1
Walking delays delivery,1
Stop meds if weight is normal,1
Sanitary pads cause cancer,1
Drinking sanitizer kills virus,1
High water intake fails kidneys,1
Masks reduce oxygen,1
Cold water harmful post-birth,1
Depression needs only willpower,1
Attacks only hit elderly,1
C-section babies are weak,1
Gym stops periods,1
Papaya leaf is only cure,1
Less sleep causes weight loss,1
No bathing during fever,1
Daily painkillers fail kidneys,1
Mental illness caused by evil eye,1
Inhalers are addictive,1
Washing hair increases bleeding,1
Vaccines contain microchips,1
Sugar alone causes cancer,1
Back pain = kidney disease,1
Cold drinks cause thyroid,1
Ultrasound radiation harms baby,1
Laughing weakens heart,1
Heat ends COVID,1
Skip meds if BP is normal,1
Vitamin D causes cancer,1
Night phone damages eyes,1
Stairs cause cord entanglement,1
Biopsy spreads cancer,1
Vitamins make immunity lazy,1
Post-COVID exercise is risky,1
Temple visits harm health,1
No normal life after bypass,1
IV fluids cause dependence,1
Tumors always cause early pain,1
Exercise wears out heart,1
Stress causes baby insanity,1
Cancer is contagious,1
Painkillers = terminal stage,1
Post-birth shots stop milk,1
Exercise post-attack is deadly,1
Insulin causes dependence,1
BP meds weaken fetus,1
Vaccines cause autism,1
Stop TB meds if cough stops,1
Depression is fake,1
Dialysis causes organ failure,1
Inhalers weaken lungs,1
Calcium prevents delivery,1
Biopsy spreads cancer,1
Normal BP means cured,1
Pregnancy vaccines unnecessary,1
IV fluids worsen dengue,1
Thyroid meds not lifelong,1
C-section ruins health,1
Sugar feeds cancer,1
Psych meds are addictive,1
Severe vomiting is normal,1
BP shots cause paralysis,1
Insulin shortens lifespan,1
Postpartum water restriction,1
Positive thinking cures cancer,1
Young people can't have attacks,1
Iron darkens baby skin,1
Asthma disappears with age,1
Pain means death is near,1
Depression is not a disease,1
Surgery useless with comorbidities,1
Fever in pregnancy is minor,1
Injections destroy immunity,1
Ayurveda can replace insulin,1
No meds needed after stent,1
Weight gain is a disease sign,1
TB injections cause infertility,1
Depression = mental weakness,1
Surgery accelerates cancer,1
Doctors lie about BP readings,1
Asthmatic kids shouldn't play,1
Pain is mandatory in pregnancy,1
Testing causes cancer,1
Sex is unsafe for heart,1
Psych meds cause insanity,1
Avoid insulin to reverse diabetes,1
Injections affect speech,1
TB only affects the poor,1
No pain = No cancer,1
Life is over after heart attack,1
Prenatal vitamins are useless,1
Gym weakens teen hearts,1
Protein stops beard growth,1
Creatine causes bloating,1
Gym shrinks lungs,1
Daily protein is harmful,1
Gym deforms spine,1
Protein causes infertility,1
Dieting stops brain growth,1
Gym causes knee pain,1
Only non-veggies need protein,1
Supplements lead to drugs,1
Creatine causes grey hair,1
Gym causes stiffness,1
Protein causes gastric issues,1
Gym for teens is illegal,1
Gym causes enlarged heart,1
Abs ruin hormones,1
Protein darkens skin,1
Gym causes rapid aging,1
Creatine weakens memory,1
Weights stop height growth,1
Protein causes laziness,1
Gym causes lung inflammation,1
High protein is poison,1
Gym weakens eyesight,1
Fitness ruins studies,1
